[2026-07-30 08:56:55.712 +03:30 WRN] [] Microsoft.EntityFrameworkCore.Model.Validation: Entity 'Course' has a global query filter defined and is the required end of a relationship with the entity 'ClassSchedule'. This may lead to unexpected results when the required entity is filtered out. Either configure the navigation as optional, or define matching query filters for both entities in the navigation. See https://go.microsoft.com/fwlink/?linkid=2131316 for more information.
[2026-07-30 08:56:57.281 +03:30 INF] [] Microsoft.EntityFrameworkCore.Database.Command: Executed DbCommand (59ms) [Parameters=[], CommandType='"Text"', CommandTimeout='30']
SELECT CASE
    WHEN EXISTS (
        SELECT 1
        FROM [Users] AS [u]
        WHERE [u].[IsDeleted] = CAST(0 AS bit) AND [u].[Role] = N'Admin') THEN CAST(1 AS bit)
    ELSE CAST(0 AS bit)
END
[2026-07-30 08:56:58.148 +03:30 INF] [] Hangfire.SqlServer.SqlServerObjectsInstaller: Start installing Hangfire SQL objects...
[2026-07-30 08:56:58.400 +03:30 INF] [] Hangfire.SqlServer.SqlServerObjectsInstaller: Hangfire SQL objects installed.
[2026-07-30 08:56:58.671 +03:30 DBG] [] Microsoft.Extensions.Hosting.Internal.Host: Hosting starting
[2026-07-30 08:56:58.701 +03:30 INF] [] Microsoft.AspNetCore.DataProtection.KeyManagement.XmlKeyManager: User profile is available. Using 'C:\Users\SanazDarbandi\AppData\Local\ASP.NET\DataProtection-Keys' as key repository and Windows DPAPI to encrypt keys at rest.
[2026-07-30 08:56:59.181 +03:30 INF] [] Microsoft.Hosting.Lifetime: Now listening on: https://localhost:7167
[2026-07-30 08:56:59.185 +03:30 INF] [] Microsoft.Hosting.Lifetime: Now listening on: http://localhost:5161
[2026-07-30 08:56:59.197 +03:30 INF] [] Hangfire.BackgroundJobServer: Starting Hangfire Server using job storage: 'SQL Server: .@StudentInsightsDb'
[2026-07-30 08:56:59.201 +03:30 INF] [] Hangfire.BackgroundJobServer: Using the following options for SQL Server job storage: Queue poll interval: 00:00:00.
[2026-07-30 08:56:59.205 +03:30 INF] [] Hangfire.BackgroundJobServer: Using the following options for Hangfire Server:
    Worker count: 20
    Listening queues: 'default'
    Shutdown timeout: 00:00:15
    Schedule polling interval: 00:00:15
[2026-07-30 08:56:59.236 +03:30 INF] [] Microsoft.Hosting.Lifetime: Application started. Press Ctrl+C to shut down.
[2026-07-30 08:56:59.241 +03:30 INF] [] Microsoft.Hosting.Lifetime: Hosting environment: Development
[2026-07-30 08:56:59.244 +03:30 INF] [] Microsoft.Hosting.Lifetime: Content root path: C:\Users\SanazDarbandi\source\repos\StudentInsights\backend\StudentInsights\StudentInsights.WebApi
[2026-07-30 08:56:59.247 +03:30 DBG] [] Microsoft.Extensions.Hosting.Internal.Host: Hosting started
[2026-07-30 08:56:59.252 +03:30 INF] [] Hangfire.Server.BackgroundServerProcess: Server sanaz:16880:24018ae8 successfully announced in 16.4663 ms
[2026-07-30 08:56:59.261 +03:30 INF] [] Hangfire.Server.BackgroundServerProcess: Server sanaz:16880:24018ae8 is starting the registered dispatchers: ServerWatchdog, ServerJobCancellationWatcher, SqlServerHeartbeatProcess, ExpirationManager, CountersAggregator, Worker, DelayedJobScheduler, RecurringJobScheduler...
[2026-07-30 08:56:59.297 +03:30 INF] [] Hangfire.Server.ServerWatchdog: 1 servers were removed due to timeout
[2026-07-30 08:56:59.467 +03:30 INF] [] Hangfire.Server.BackgroundServerProcess: Server sanaz:16880:24018ae8 all the dispatchers started
[2026-07-30 08:56:59.992 +03:30 INF] [] Microsoft.AspNetCore.Hosting.Diagnostics: Request starting HTTP/2 GET https://localhost:7167/swagger - null null
[2026-07-30 08:57:00.514 +03:30 INF] [] Microsoft.EntityFrameworkCore.Database.Command: Executed DbCommand (5ms) [Parameters=[], CommandType='"Text"', CommandTimeout='30']
SELECT [u].[Id]
FROM [Users] AS [u]
WHERE [u].[IsDeleted] = CAST(0 AS bit) AND [u].[IsActive] = CAST(1 AS bit)
[2026-07-30 08:57:00.586 +03:30 INF] [] Microsoft.AspNetCore.Hosting.Diagnostics: Request finished HTTP/2 GET https://localhost:7167/swagger - 301 0 null 608.9887ms
[2026-07-30 08:57:00.595 +03:30 INF] [] Microsoft.AspNetCore.Hosting.Diagnostics: Request starting HTTP/2 GET https://localhost:7167/swagger/index.html - null null
[2026-07-30 08:57:00.698 +03:30 INF] [] Microsoft.EntityFrameworkCore.Database.Command: Executed DbCommand (8ms) [Parameters=[@__activeUserIds_0='?' (Size = 4000), @__tomorrowStartUtc_1='?' (DbType = DateTime2), @__tomorrowEndUtc_2='?' (DbType = DateTime2)], CommandType='"Text"', CommandTimeout='30']
SELECT [e].[Id], [e].[UserId], [e].[Title]
FROM [Exams] AS [e]
WHERE [e].[IsDeleted] = CAST(0 AS bit) AND [e].[UserId] IN (
    SELECT [a].[value]
    FROM OPENJSON(@__activeUserIds_0) WITH ([value] uniqueidentifier '$') AS [a]
) AND [e].[ExamDateUtc] >= @__tomorrowStartUtc_1 AND [e].[ExamDateUtc] < @__tomorrowEndUtc_2
[2026-07-30 08:57:00.751 +03:30 DBG] [61ed672d-2c61-487e-8b17-94faa9811a94] Microsoft.WebTools.BrowserLink.Net.BrowserLinkMiddleware: Response markup is scheduled to include Browser Link script injection.
[2026-07-30 08:57:00.757 +03:30 INF] [] Microsoft.EntityFrameworkCore.Database.Command: Executed DbCommand (10ms) [Parameters=[@__activeUserIds_0='?' (Size = 4000), @__utcNow_1='?' (DbType = DateTime2), @__deadlineWindowEndUtc_2='?' (DbType = DateTime2)], CommandType='"Text"', CommandTimeout='30']
SELECT [l].[Id], [l].[UserId], [l].[Title]
FROM [LearningActivities] AS [l]
WHERE [l].[IsDeleted] = CAST(0 AS bit) AND [l].[UserId] IN (
    SELECT [a].[value]
    FROM OPENJSON(@__activeUserIds_0) WITH ([value] uniqueidentifier '$') AS [a]
) AND [l].[DueDateUtc] >= @__utcNow_1 AND [l].[DueDateUtc] <= @__deadlineWindowEndUtc_2 AND [l].[Status] <> N'Completed'
[2026-07-30 08:57:00.785 +03:30 DBG] [] Microsoft.WebTools.BrowserLink.Net.BrowserLinkMiddleware: Response markup was updated to include Browser Link script injection.
[2026-07-30 08:57:00.790 +03:30 INF] [] Microsoft.AspNetCore.Hosting.Diagnostics: Request finished HTTP/2 GET https://localhost:7167/swagger/index.html - 200 null text/html;charset=utf-8 195.4899ms
[2026-07-30 08:57:00.792 +03:30 INF] [] Microsoft.AspNetCore.Hosting.Diagnostics: Request starting HTTP/2 GET https://localhost:7167/swagger/swagger-ui-bundle.js - null null
[2026-07-30 08:57:00.793 +03:30 INF] [] Microsoft.EntityFrameworkCore.Database.Command: Executed DbCommand (12ms) [Parameters=[@__activeUserIds_0='?' (Size = 4000), @__utcNow_1='?' (DbType = DateTime2)], CommandType='"Text"', CommandTimeout='30']
SELECT [l].[Id], [l].[UserId], [l].[Title], [l].[LastCompletedAtUtc]
FROM [LearningActivities] AS [l]
WHERE [l].[IsDeleted] = CAST(0 AS bit) AND [l].[UserId] IN (
    SELECT [a].[value]
    FROM OPENJSON(@__activeUserIds_0) WITH ([value] uniqueidentifier '$') AS [a]
) AND [l].[DueDateUtc] < @__utcNow_1 AND [l].[Status] <> N'Completed'
[2026-07-30 08:57:00.792 +03:30 INF] [] Microsoft.AspNetCore.Hosting.Diagnostics: Request starting HTTP/2 GET https://localhost:7167/swagger/swagger-ui-standalone-preset.js - null null
[2026-07-30 08:57:00.792 +03:30 INF] [] Microsoft.AspNetCore.Hosting.Diagnostics: Request starting HTTP/2 GET https://localhost:7167/swagger/swagger-ui.css - null null
[2026-07-30 08:57:00.793 +03:30 INF] [] Microsoft.AspNetCore.Hosting.Diagnostics: Request starting HTTP/2 GET https://localhost:7167/_vs/browserLink - null null
[2026-07-30 08:57:00.792 +03:30 INF] [] Microsoft.AspNetCore.Hosting.Diagnostics: Request starting HTTP/2 GET https://localhost:7167/_framework/aspnetcore-browser-refresh.js - null null
[2026-07-30 08:57:00.879 +03:30 INF] [] Microsoft.EntityFrameworkCore.Database.Command: Executed DbCommand (13ms) [Parameters=[@__userId_0='?' (DbType = Guid), @__type_1='?' (Size = 30), @__sourceId_2='?' (DbType = Guid)], CommandType='"Text"', CommandTimeout='30']
SELECT CASE
    WHEN EXISTS (
        SELECT 1
        FROM [Notifications] AS [n]
        WHERE [n].[IsDeleted] = CAST(0 AS bit) AND [n].[UserId] = @__userId_0 AND [n].[Type] = @__type_1 AND [n].[SourceId] = @__sourceId_2) THEN CAST(1 AS bit)
    ELSE CAST(0 AS bit)
END
[2026-07-30 08:57:00.892 +03:30 INF] [10820fc6-cbbe-4d2c-8a62-c5b9852e4cec] Microsoft.AspNetCore.StaticFiles.StaticFileMiddleware: Sending file. Request path: '/swagger-ui.css'. Physical path: 'N/A'
[2026-07-30 08:57:00.902 +03:30 INF] [] Microsoft.AspNetCore.Hosting.Diagnostics: Request finished HTTP/2 GET https://localhost:7167/_framework/aspnetcore-browser-refresh.js - 200 13780 application/javascript; charset=utf-8 109.6561ms
[2026-07-30 08:57:00.883 +03:30 INF] [0bd5c6fe-d7c7-4e6b-9076-35ecfa8145a0] Microsoft.AspNetCore.StaticFiles.StaticFileMiddleware: Sending file. Request path: '/swagger-ui-standalone-preset.js'. Physical path: 'N/A'
[2026-07-30 08:57:00.911 +03:30 INF] [] Microsoft.AspNetCore.Hosting.Diagnostics: Request finished HTTP/2 GET https://localhost:7167/swagger/swagger-ui.css - 200 143943 text/css 118.9836ms
[2026-07-30 08:57:00.903 +03:30 INF] [84448944-1cbf-4a05-98af-840d33c25305] Microsoft.AspNetCore.StaticFiles.StaticFileMiddleware: Sending file. Request path: '/swagger-ui-bundle.js'. Physical path: 'N/A'
[2026-07-30 08:57:00.923 +03:30 INF] [] Microsoft.AspNetCore.Hosting.Diagnostics: Request finished HTTP/2 GET https://localhost:7167/swagger/swagger-ui-standalone-preset.js - 200 339486 text/javascript 130.9415ms
[2026-07-30 08:57:00.938 +03:30 INF] [] Microsoft.AspNetCore.Hosting.Diagnostics: Request finished HTTP/2 GET https://localhost:7167/swagger/swagger-ui-bundle.js - 200 1096145 text/javascript 145.5061ms
[2026-07-30 08:57:00.987 +03:30 INF] [] Microsoft.AspNetCore.Hosting.Diagnostics: Request finished HTTP/2 GET https://localhost:7167/_vs/browserLink - 200 null text/javascript; charset=UTF-8 194.3343ms
[2026-07-30 08:57:01.017 +03:30 INF] [] Microsoft.EntityFrameworkCore.Database.Command: Executed DbCommand (8ms) [Parameters=[@__activeUserIds_0='?' (Size = 4000)], CommandType='"Text"', CommandTimeout='30']
SELECT [g].[Id], [g].[CreatedAtUtc], [g].[CurrentValue], [g].[DeletedAtUtc], [g].[IsDeleted], [g].[RelatedActivityId], [g].[RowVersion], [g].[TargetDateUtc], [g].[TargetValue], [g].[Type], [g].[UpdatedAtUtc], [g].[UserId]
FROM [Goals] AS [g]
WHERE [g].[IsDeleted] = CAST(0 AS bit) AND [g].[UserId] IN (
    SELECT [a].[value]
    FROM OPENJSON(@__activeUserIds_0) WITH ([value] uniqueidentifier '$') AS [a]
) AND [g].[TargetDateUtc] IS NOT NULL
[2026-07-30 08:57:01.051 +03:30 INF] [] Microsoft.EntityFrameworkCore.Database.Command: Executed DbCommand (3ms) [Parameters=[@__userId_0='?' (DbType = Guid)], CommandType='"Text"', CommandTimeout='30']
SELECT [c].[Id], [c].[CreatedAtUtc], [c].[Credits], [c].[DeletedAtUtc], [c].[FinalGrade], [c].[InstructorName], [c].[IsDeleted], [c].[Name], [c].[RowVersion], [c].[Semester], [c].[UpdatedAtUtc], [c].[UserId]
FROM [Courses] AS [c]
WHERE [c].[IsDeleted] = CAST(0 AS bit) AND [c].[UserId] = @__userId_0
[2026-07-30 08:57:01.088 +03:30 INF] [] Microsoft.EntityFrameworkCore.Database.Command: Executed DbCommand (4ms) [Parameters=[@__userId_0='?' (DbType = Guid)], CommandType='"Text"', CommandTimeout='30']
SELECT [s].[StudyDateUtc], [s].[DurationMinutes]
FROM [StudyLogs] AS [s]
WHERE [s].[IsDeleted] = CAST(0 AS bit) AND [s].[UserId] = @__userId_0
[2026-07-30 08:57:01.121 +03:30 INF] [] Microsoft.EntityFrameworkCore.Database.Command: Executed DbCommand (5ms) [Parameters=[@__relatedActivityIds_0='?' (Size = 4000)], CommandType='"Text"', CommandTimeout='30']
SELECT [l].[Id], [l].[Status]
FROM [LearningActivities] AS [l]
WHERE [l].[IsDeleted] = CAST(0 AS bit) AND [l].[Id] IN (
    SELECT [r].[value]
    FROM OPENJSON(@__relatedActivityIds_0) WITH ([value] uniqueidentifier '$') AS [r]
)
[2026-07-30 08:57:01.146 +03:30 INF] [] Microsoft.EntityFrameworkCore.Database.Command: Executed DbCommand (2ms) [Parameters=[@__userId_0='?' (DbType = Guid), @__type_1='?' (Size = 30), @__sourceId_2='?' (DbType = Guid)], CommandType='"Text"', CommandTimeout='30']
SELECT CASE
    WHEN EXISTS (
        SELECT 1
        FROM [Notifications] AS [n]
        WHERE [n].[IsDeleted] = CAST(0 AS bit) AND [n].[UserId] = @__userId_0 AND [n].[Type] = @__type_1 AND [n].[SourceId] = @__sourceId_2) THEN CAST(1 AS bit)
    ELSE CAST(0 AS bit)
END
[2026-07-30 08:57:01.156 +03:30 INF] [] StudentInsights.Infrastructure.BackgroundJobs.NotificationGenerationJob: Notification generation run complete: ExamTomorrow=0, DeadlineApproaching=0, OverdueActivity=0, GoalBehindSchedule=0 (0 total)
[2026-07-30 08:57:01.190 +03:30 INF] [] Microsoft.AspNetCore.Hosting.Diagnostics: Request starting HTTP/2 GET https://localhost:7167/swagger/v1/swagger.json - null null
[2026-07-30 08:57:01.223 +03:30 INF] [] Microsoft.AspNetCore.Hosting.Diagnostics: Request starting HTTP/2 GET https://localhost:7167/swagger/favicon-32x32.png - null null
[2026-07-30 08:57:01.233 +03:30 INF] [476ec7ff-c660-44e2-9f73-70298541e243] Microsoft.AspNetCore.StaticFiles.StaticFileMiddleware: Sending file. Request path: '/favicon-32x32.png'. Physical path: 'N/A'
[2026-07-30 08:57:01.239 +03:30 INF] [] Microsoft.AspNetCore.Hosting.Diagnostics: Request finished HTTP/2 GET https://localhost:7167/swagger/favicon-32x32.png - 200 628 image/png 16.0263ms
[2026-07-30 08:57:01.519 +03:30 INF] [] Microsoft.AspNetCore.Hosting.Diagnostics: Request finished HTTP/2 GET https://localhost:7167/swagger/v1/swagger.json - 200 null application/json;charset=utf-8 329.2599ms
[2026-07-30 08:57:45.368 +03:30 INF] [] Microsoft.AspNetCore.Hosting.Diagnostics: Request starting HTTP/2 POST https://localhost:7167/api/auth/login - application/json 84
[2026-07-30 08:57:45.389 +03:30 INF] [c50cfd66-98fc-46b0-a2af-f610864217a9] Microsoft.AspNetCore.Cors.Infrastructure.CorsService: CORS policy execution failed.
[2026-07-30 08:57:45.396 +03:30 INF] [c50cfd66-98fc-46b0-a2af-f610864217a9] Microsoft.AspNetCore.Cors.Infrastructure.CorsService: Request origin https://localhost:7167 does not have permission to access the resource.
[2026-07-30 08:57:45.694 +03:30 INF] [c50cfd66-98fc-46b0-a2af-f610864217a9] Microsoft.AspNetCore.Routing.EndpointMiddleware: Executing endpoint 'StudentInsights.WebApi.Controllers.AuthController.Login (StudentInsights.WebApi)'
[2026-07-30 08:57:45.752 +03:30 INF] [c50cfd66-98fc-46b0-a2af-f610864217a9] Microsoft.AspNetCore.Mvc.Infrastructure.ControllerActionInvoker: Route matched with {action = "Login", controller = "Auth"}. Executing controller action with signature System.Threading.Tasks.Task`1[Microsoft.AspNetCore.Mvc.ActionResult] Login(StudentInsights.WebApi.Controllers.LoginRequest, System.Threading.CancellationToken) on controller StudentInsights.WebApi.Controllers.AuthController (StudentInsights.WebApi).
[2026-07-30 08:57:46.116 +03:30 INF] [c50cfd66-98fc-46b0-a2af-f610864217a9] Microsoft.AspNetCore.Mvc.Infrastructure.ControllerActionInvoker: Executing action method StudentInsights.WebApi.Controllers.AuthController.Login (StudentInsights.WebApi) - Validation state: "Valid"
[2026-07-30 08:57:46.239 +03:30 INF] [c50cfd66-98fc-46b0-a2af-f610864217a9] Microsoft.EntityFrameworkCore.Database.Command: Executed DbCommand (7ms) [Parameters=[@__normalizedEmail_0='?' (Size = 256)], CommandType='"Text"', CommandTimeout='30']
SELECT TOP(1) [u].[Id], [u].[CreatedAtUtc], [u].[DeletedAtUtc], [u].[Email], [u].[EmailConfirmationTokenExpiresAtUtc], [u].[EmailConfirmationTokenHash], [u].[EmailConfirmed], [u].[EmailConfirmedAtUtc], [u].[FirstName], [u].[IsActive], [u].[IsDeleted], [u].[LastName], [u].[PasswordHash], [u].[PasswordResetTokenExpiresAtUtc], [u].[PasswordResetTokenHash], [u].[Role], [u].[RowVersion], [u].[UpdatedAtUtc]
FROM [Users] AS [u]
WHERE [u].[IsDeleted] = CAST(0 AS bit) AND [u].[Email] = @__normalizedEmail_0
[2026-07-30 08:57:47.297 +03:30 INF] [c50cfd66-98fc-46b0-a2af-f610864217a9] Microsoft.EntityFrameworkCore.Database.Command: Executed DbCommand (21ms) [Parameters=[@p0='?' (DbType = Guid), @p1='?' (DbType = DateTime2), @p2='?' (Size = 45), @p3='?' (DbType = DateTime2), @p4='?' (DbType = DateTime2), @p5='?' (DbType = Boolean), @p6='?' (Size = 64), @p7='?' (DbType = DateTime2), @p8='?' (Size = 45), @p9='?' (Size = 500), @p10='?' (DbType = DateTime2), @p11='?' (DbType = Guid)], CommandType='"Text"', CommandTimeout='30']
SET IMPLICIT_TRANSACTIONS OFF;
SET NOCOUNT ON;
INSERT INTO [RefreshTokens] ([Id], [CreatedAtUtc], [CreatedByIp], [DeletedAtUtc], [ExpiresAtUtc], [IsDeleted], [ReplacedByTokenHash], [RevokedAtUtc], [RevokedByIp], [TokenHash], [UpdatedAtUtc], [UserId])
OUTPUT INSERTED.[RowVersion]
VALUES (@p0, @p1, @p2, @p3, @p4, @p5, @p6, @p7, @p8, @p9, @p10, @p11);
[2026-07-30 08:57:47.362 +03:30 INF] [c50cfd66-98fc-46b0-a2af-f610864217a9] Microsoft.AspNetCore.Mvc.Infrastructure.ControllerActionInvoker: Executed action method StudentInsights.WebApi.Controllers.AuthController.Login (StudentInsights.WebApi), returned result Microsoft.AspNetCore.Mvc.OkObjectResult in 1229.4864ms.
[2026-07-30 08:57:47.387 +03:30 INF] [c50cfd66-98fc-46b0-a2af-f610864217a9] Microsoft.AspNetCore.Mvc.Infrastructure.ObjectResultExecutor: Executing OkObjectResult, writing value of type 'StudentInsights.Application.Features.Auth.Common.AuthResult'.
[2026-07-30 08:57:47.430 +03:30 INF] [c50cfd66-98fc-46b0-a2af-f610864217a9] Microsoft.AspNetCore.Mvc.Infrastructure.ControllerActionInvoker: Executed action StudentInsights.WebApi.Controllers.AuthController.Login (StudentInsights.WebApi) in 1658.1047ms
[2026-07-30 08:57:47.441 +03:30 INF] [c50cfd66-98fc-46b0-a2af-f610864217a9] Microsoft.AspNetCore.Routing.EndpointMiddleware: Executed endpoint 'StudentInsights.WebApi.Controllers.AuthController.Login (StudentInsights.WebApi)'
[2026-07-30 08:57:47.453 +03:30 INF] [] Microsoft.AspNetCore.Hosting.Diagnostics: Request finished HTTP/2 POST https://localhost:7167/api/auth/login - 200 null application/json; charset=utf-8 2084.7997ms
[2026-07-30 09:00:32.038 +03:30 INF] [] Microsoft.AspNetCore.Hosting.Diagnostics: Request starting HTTP/2 POST https://localhost:7167/api/courses - application/json 150
[2026-07-30 09:00:32.050 +03:30 INF] [204efd58-fee4-47ed-8c96-73bb304b1751] Microsoft.AspNetCore.Cors.Infrastructure.CorsService: CORS policy execution failed.
[2026-07-30 09:00:32.054 +03:30 INF] [204efd58-fee4-47ed-8c96-73bb304b1751] Microsoft.AspNetCore.Cors.Infrastructure.CorsService: Request origin https://localhost:7167 does not have permission to access the resource.
[2026-07-30 09:00:32.186 +03:30 INF] [204efd58-fee4-47ed-8c96-73bb304b1751] Microsoft.AspNetCore.Routing.EndpointMiddleware: Executing endpoint 'StudentInsights.WebApi.Controllers.CoursesController.CreateCourse (StudentInsights.WebApi)'
[2026-07-30 09:00:32.203 +03:30 INF] [204efd58-fee4-47ed-8c96-73bb304b1751] Microsoft.AspNetCore.Mvc.Infrastructure.ControllerActionInvoker: Route matched with {action = "CreateCourse", controller = "Courses"}. Executing controller action with signature System.Threading.Tasks.Task`1[Microsoft.AspNetCore.Mvc.ActionResult`1[StudentInsights.Application.Features.Courses.DTOs.CourseDto]] CreateCourse(StudentInsights.Application.Features.Courses.DTOs.CreateCourseRequest, System.Threading.CancellationToken) on controller StudentInsights.WebApi.Controllers.CoursesController (StudentInsights.WebApi).
[2026-07-30 09:00:32.283 +03:30 INF] [204efd58-fee4-47ed-8c96-73bb304b1751] Microsoft.AspNetCore.Mvc.Infrastructure.ControllerActionInvoker: Executing action method StudentInsights.WebApi.Controllers.CoursesController.CreateCourse (StudentInsights.WebApi) - Validation state: "Valid"
[2026-07-30 09:00:32.398 +03:30 INF] [204efd58-fee4-47ed-8c96-73bb304b1751] Microsoft.EntityFrameworkCore.Database.Command: Executed DbCommand (7ms) [Parameters=[@___currentUserService_UserId_0='?' (DbType = Guid)], CommandType='"Text"', CommandTimeout='30']
SELECT TOP(1) [u].[Id], [u].[CreatedAtUtc], [u].[DeletedAtUtc], [u].[Email], [u].[EmailConfirmationTokenExpiresAtUtc], [u].[EmailConfirmationTokenHash], [u].[EmailConfirmed], [u].[EmailConfirmedAtUtc], [u].[FirstName], [u].[IsActive], [u].[IsDeleted], [u].[LastName], [u].[PasswordHash], [u].[PasswordResetTokenExpiresAtUtc], [u].[PasswordResetTokenHash], [u].[Role], [u].[RowVersion], [u].[UpdatedAtUtc]
FROM [Users] AS [u]
WHERE [u].[IsDeleted] = CAST(0 AS bit) AND [u].[Id] = @___currentUserService_UserId_0
[2026-07-30 09:00:32.422 +03:30 INF] [204efd58-fee4-47ed-8c96-73bb304b1751] Microsoft.EntityFrameworkCore.Database.Command: Executed DbCommand (10ms) [Parameters=[@__user_Id_0='?' (DbType = Guid), @__trimmedName_1='?' (Size = 200), @__trimmedSemester_2='?' (Size = 100)], CommandType='"Text"', CommandTimeout='30']
SELECT CASE
    WHEN EXISTS (
        SELECT 1
        FROM [Courses] AS [c]
        WHERE [c].[IsDeleted] = CAST(0 AS bit) AND [c].[UserId] = @__user_Id_0 AND [c].[Name] = @__trimmedName_1 AND [c].[Semester] = @__trimmedSemester_2) THEN CAST(1 AS bit)
    ELSE CAST(0 AS bit)
END
[2026-07-30 09:00:32.560 +03:30 INF] [204efd58-fee4-47ed-8c96-73bb304b1751] Microsoft.EntityFrameworkCore.Database.Command: Executed DbCommand (12ms) [Parameters=[@p0='?' (DbType = Guid), @p1='?' (DbType = DateTime2), @p2='?' (DbType = Int32), @p3='?' (DbType = DateTime2), @p4='?' (Precision = 4) (Scale = 2) (DbType = Decimal), @p5='?' (Size = 200), @p6='?' (DbType = Boolean), @p7='?' (Size = 200), @p8='?' (Size = 100), @p9='?' (DbType = DateTime2), @p10='?' (DbType = Guid)], CommandType='"Text"', CommandTimeout='30']
SET IMPLICIT_TRANSACTIONS OFF;
SET NOCOUNT ON;
INSERT INTO [Courses] ([Id], [CreatedAtUtc], [Credits], [DeletedAtUtc], [FinalGrade], [InstructorName], [IsDeleted], [Name], [Semester], [UpdatedAtUtc], [UserId])
OUTPUT INSERTED.[RowVersion]
VALUES (@p0, @p1, @p2, @p3, @p4, @p5, @p6, @p7, @p8, @p9, @p10);
[2026-07-30 09:00:32.582 +03:30 INF] [204efd58-fee4-47ed-8c96-73bb304b1751] Microsoft.AspNetCore.Mvc.Infrastructure.ControllerActionInvoker: Executed action method StudentInsights.WebApi.Controllers.CoursesController.CreateCourse (StudentInsights.WebApi), returned result Microsoft.AspNetCore.Mvc.CreatedAtActionResult in 290.3903ms.
[2026-07-30 09:00:32.596 +03:30 INF] [204efd58-fee4-47ed-8c96-73bb304b1751] Microsoft.AspNetCore.Mvc.Infrastructure.ObjectResultExecutor: Executing CreatedAtActionResult, writing value of type 'StudentInsights.Application.Features.Courses.DTOs.CourseDto'.
[2026-07-30 09:00:32.695 +03:30 INF] [204efd58-fee4-47ed-8c96-73bb304b1751] Microsoft.AspNetCore.Mvc.Infrastructure.ControllerActionInvoker: Executed action StudentInsights.WebApi.Controllers.CoursesController.CreateCourse (StudentInsights.WebApi) in 482.24ms
[2026-07-30 09:00:32.705 +03:30 INF] [204efd58-fee4-47ed-8c96-73bb304b1751] Microsoft.AspNetCore.Routing.EndpointMiddleware: Executed endpoint 'StudentInsights.WebApi.Controllers.CoursesController.CreateCourse (StudentInsights.WebApi)'
[2026-07-30 09:00:32.715 +03:30 INF] [] Microsoft.AspNetCore.Hosting.Diagnostics: Request finished HTTP/2 POST https://localhost:7167/api/courses - 201 null application/json; charset=utf-8 677.0096ms
[2026-07-30 09:02:53.347 +03:30 INF] [] Microsoft.AspNetCore.Hosting.Diagnostics: Request starting HTTP/2 GET https://localhost:7167/api/me - null null
[2026-07-30 09:02:53.362 +03:30 INF] [05798b71-e1b1-44e1-979c-e89112293603] Microsoft.AspNetCore.Routing.EndpointMiddleware: Executing endpoint 'StudentInsights.WebApi.Controllers.MeController.GetMyProfile (StudentInsights.WebApi)'
[2026-07-30 09:02:53.377 +03:30 INF] [05798b71-e1b1-44e1-979c-e89112293603] Microsoft.AspNetCore.Mvc.Infrastructure.ControllerActionInvoker: Route matched with {action = "GetMyProfile", controller = "Me"}. Executing controller action with signature System.Threading.Tasks.Task`1[Microsoft.AspNetCore.Mvc.ActionResult`1[StudentInsights.Application.Features.Users.DTOs.UserProfileDto]] GetMyProfile(System.Threading.CancellationToken) on controller StudentInsights.WebApi.Controllers.MeController (StudentInsights.WebApi).
[2026-07-30 09:02:53.434 +03:30 INF] [05798b71-e1b1-44e1-979c-e89112293603] Microsoft.AspNetCore.Mvc.Infrastructure.ControllerActionInvoker: Executing action method StudentInsights.WebApi.Controllers.MeController.GetMyProfile (StudentInsights.WebApi) - Validation state: "Valid"
[2026-07-30 09:02:53.472 +03:30 INF] [05798b71-e1b1-44e1-979c-e89112293603] Microsoft.EntityFrameworkCore.Database.Command: Executed DbCommand (8ms) [Parameters=[@___currentUserService_UserId_0='?' (DbType = Guid)], CommandType='"Text"', CommandTimeout='30']
SELECT TOP(1) [u].[Id], [u].[CreatedAtUtc], [u].[DeletedAtUtc], [u].[Email], [u].[EmailConfirmationTokenExpiresAtUtc], [u].[EmailConfirmationTokenHash], [u].[EmailConfirmed], [u].[EmailConfirmedAtUtc], [u].[FirstName], [u].[IsActive], [u].[IsDeleted], [u].[LastName], [u].[PasswordHash], [u].[PasswordResetTokenExpiresAtUtc], [u].[PasswordResetTokenHash], [u].[Role], [u].[RowVersion], [u].[UpdatedAtUtc]
FROM [Users] AS [u]
WHERE [u].[IsDeleted] = CAST(0 AS bit) AND [u].[Id] = @___currentUserService_UserId_0
[2026-07-30 09:02:53.484 +03:30 INF] [05798b71-e1b1-44e1-979c-e89112293603] Microsoft.AspNetCore.Mvc.Infrastructure.ControllerActionInvoker: Executed action method StudentInsights.WebApi.Controllers.MeController.GetMyProfile (StudentInsights.WebApi), returned result Microsoft.AspNetCore.Mvc.OkObjectResult in 41.7622ms.
[2026-07-30 09:02:53.495 +03:30 INF] [05798b71-e1b1-44e1-979c-e89112293603] Microsoft.AspNetCore.Mvc.Infrastructure.ObjectResultExecutor: Executing OkObjectResult, writing value of type 'StudentInsights.Application.Features.Users.DTOs.UserProfileDto'.
[2026-07-30 09:02:53.519 +03:30 INF] [05798b71-e1b1-44e1-979c-e89112293603] Microsoft.AspNetCore.Mvc.Infrastructure.ControllerActionInvoker: Executed action StudentInsights.WebApi.Controllers.MeController.GetMyProfile (StudentInsights.WebApi) in 134.4511ms
[2026-07-30 09:02:53.528 +03:30 INF] [05798b71-e1b1-44e1-979c-e89112293603] Microsoft.AspNetCore.Routing.EndpointMiddleware: Executed endpoint 'StudentInsights.WebApi.Controllers.MeController.GetMyProfile (StudentInsights.WebApi)'
[2026-07-30 09:02:53.535 +03:30 INF] [] Microsoft.AspNetCore.Hosting.Diagnostics: Request finished HTTP/2 GET https://localhost:7167/api/me - 200 null application/json; charset=utf-8 188.4637ms
[2026-07-30 09:54:32.532 +03:30 WRN] [] Microsoft.EntityFrameworkCore.Model.Validation: Entity 'Course' has a global query filter defined and is the required end of a relationship with the entity 'ClassSchedule'. This may lead to unexpected results when the required entity is filtered out. Either configure the navigation as optional, or define matching query filters for both entities in the navigation. See https://go.microsoft.com/fwlink/?linkid=2131316 for more information.
[2026-07-30 09:54:33.326 +03:30 INF] [] Microsoft.EntityFrameworkCore.Database.Command: Executed DbCommand (34ms) [Parameters=[], CommandType='"Text"', CommandTimeout='30']
SELECT CASE
    WHEN EXISTS (
        SELECT 1
        FROM [Users] AS [u]
        WHERE [u].[IsDeleted] = CAST(0 AS bit) AND [u].[Role] = N'Admin') THEN CAST(1 AS bit)
    ELSE CAST(0 AS bit)
END
[2026-07-30 09:54:33.569 +03:30 INF] [] Hangfire.SqlServer.SqlServerObjectsInstaller: Start installing Hangfire SQL objects...
[2026-07-30 09:54:33.739 +03:30 INF] [] Hangfire.SqlServer.SqlServerObjectsInstaller: Hangfire SQL objects installed.
[2026-07-30 09:54:33.955 +03:30 DBG] [] Microsoft.Extensions.Hosting.Internal.Host: Hosting starting
[2026-07-30 09:54:33.976 +03:30 INF] [] Microsoft.AspNetCore.DataProtection.KeyManagement.XmlKeyManager: User profile is available. Using 'C:\Users\SanazDarbandi\AppData\Local\ASP.NET\DataProtection-Keys' as key repository and Windows DPAPI to encrypt keys at rest.
[2026-07-30 09:54:34.213 +03:30 INF] [] Microsoft.Hosting.Lifetime: Now listening on: https://localhost:7167
[2026-07-30 09:54:34.218 +03:30 INF] [] Microsoft.Hosting.Lifetime: Now listening on: http://localhost:5161
[2026-07-30 09:54:34.227 +03:30 INF] [] Hangfire.BackgroundJobServer: Starting Hangfire Server using job storage: 'SQL Server: .@StudentInsightsDb'
[2026-07-30 09:54:34.231 +03:30 INF] [] Hangfire.BackgroundJobServer: Using the following options for SQL Server job storage: Queue poll interval: 00:00:00.
[2026-07-30 09:54:34.232 +03:30 INF] [] Hangfire.BackgroundJobServer: Using the following options for Hangfire Server:
    Worker count: 20
    Listening queues: 'default'
    Shutdown timeout: 00:00:15
    Schedule polling interval: 00:00:15
[2026-07-30 09:54:34.258 +03:30 INF] [] Microsoft.Hosting.Lifetime: Application started. Press Ctrl+C to shut down.
[2026-07-30 09:54:34.263 +03:30 INF] [] Microsoft.Hosting.Lifetime: Hosting environment: Development
[2026-07-30 09:54:34.264 +03:30 INF] [] Microsoft.Hosting.Lifetime: Content root path: C:\Users\SanazDarbandi\source\repos\StudentInsights\backend\StudentInsights\StudentInsights.WebApi
[2026-07-30 09:54:34.266 +03:30 DBG] [] Microsoft.Extensions.Hosting.Internal.Host: Hosting started
[2026-07-30 09:54:34.269 +03:30 INF] [] Hangfire.Server.BackgroundServerProcess: Server sanaz:12480:8b9733f9 successfully announced in 10.1492 ms
[2026-07-30 09:54:34.277 +03:30 INF] [] Hangfire.Server.BackgroundServerProcess: Server sanaz:12480:8b9733f9 is starting the registered dispatchers: ServerWatchdog, ServerJobCancellationWatcher, SqlServerHeartbeatProcess, ExpirationManager, CountersAggregator, Worker, DelayedJobScheduler, RecurringJobScheduler...
[2026-07-30 09:54:34.305 +03:30 INF] [] Hangfire.Server.ServerWatchdog: 1 servers were removed due to timeout
[2026-07-30 09:54:34.427 +03:30 INF] [] Hangfire.Server.BackgroundServerProcess: Server sanaz:12480:8b9733f9 all the dispatchers started
[2026-07-30 09:54:34.884 +03:30 INF] [] Microsoft.EntityFrameworkCore.Database.Command: Executed DbCommand (10ms) [Parameters=[], CommandType='"Text"', CommandTimeout='30']
SELECT [u].[Id]
FROM [Users] AS [u]
WHERE [u].[IsDeleted] = CAST(0 AS bit) AND [u].[IsActive] = CAST(1 AS bit)
[2026-07-30 09:54:35.003 +03:30 INF] [] Microsoft.AspNetCore.Hosting.Diagnostics: Request starting HTTP/2 GET https://localhost:7167/swagger/index.html - null null
[2026-07-30 09:54:35.140 +03:30 INF] [] Microsoft.EntityFrameworkCore.Database.Command: Executed DbCommand (9ms) [Parameters=[@__activeUserIds_0='?' (Size = 4000), @__tomorrowStartUtc_1='?' (DbType = DateTime2), @__tomorrowEndUtc_2='?' (DbType = DateTime2)], CommandType='"Text"', CommandTimeout='30']
SELECT [e].[Id], [e].[UserId], [e].[Title]
FROM [Exams] AS [e]
WHERE [e].[IsDeleted] = CAST(0 AS bit) AND [e].[UserId] IN (
    SELECT [a].[value]
    FROM OPENJSON(@__activeUserIds_0) WITH ([value] uniqueidentifier '$') AS [a]
) AND [e].[ExamDateUtc] >= @__tomorrowStartUtc_1 AND [e].[ExamDateUtc] < @__tomorrowEndUtc_2
[2026-07-30 09:54:35.255 +03:30 INF] [] Microsoft.EntityFrameworkCore.Database.Command: Executed DbCommand (8ms) [Parameters=[@__activeUserIds_0='?' (Size = 4000), @__utcNow_1='?' (DbType = DateTime2), @__deadlineWindowEndUtc_2='?' (DbType = DateTime2)], CommandType='"Text"', CommandTimeout='30']
SELECT [l].[Id], [l].[UserId], [l].[Title]
FROM [LearningActivities] AS [l]
WHERE [l].[IsDeleted] = CAST(0 AS bit) AND [l].[UserId] IN (
    SELECT [a].[value]
    FROM OPENJSON(@__activeUserIds_0) WITH ([value] uniqueidentifier '$') AS [a]
) AND [l].[DueDateUtc] >= @__utcNow_1 AND [l].[DueDateUtc] <= @__deadlineWindowEndUtc_2 AND [l].[Status] <> N'Completed'
[2026-07-30 09:54:35.282 +03:30 INF] [] Microsoft.EntityFrameworkCore.Database.Command: Executed DbCommand (8ms) [Parameters=[@__activeUserIds_0='?' (Size = 4000), @__utcNow_1='?' (DbType = DateTime2)], CommandType='"Text"', CommandTimeout='30']
SELECT [l].[Id], [l].[UserId], [l].[Title], [l].[LastCompletedAtUtc]
FROM [LearningActivities] AS [l]
WHERE [l].[IsDeleted] = CAST(0 AS bit) AND [l].[UserId] IN (
    SELECT [a].[value]
    FROM OPENJSON(@__activeUserIds_0) WITH ([value] uniqueidentifier '$') AS [a]
) AND [l].[DueDateUtc] < @__utcNow_1 AND [l].[Status] <> N'Completed'
[2026-07-30 09:54:35.307 +03:30 INF] [] Microsoft.EntityFrameworkCore.Database.Command: Executed DbCommand (4ms) [Parameters=[@__userId_0='?' (DbType = Guid), @__type_1='?' (Size = 30), @__sourceId_2='?' (DbType = Guid)], CommandType='"Text"', CommandTimeout='30']
SELECT CASE
    WHEN EXISTS (
        SELECT 1
        FROM [Notifications] AS [n]
        WHERE [n].[IsDeleted] = CAST(0 AS bit) AND [n].[UserId] = @__userId_0 AND [n].[Type] = @__type_1 AND [n].[SourceId] = @__sourceId_2) THEN CAST(1 AS bit)
    ELSE CAST(0 AS bit)
END
[2026-07-30 09:54:35.358 +03:30 INF] [] Microsoft.EntityFrameworkCore.Database.Command: Executed DbCommand (5ms) [Parameters=[@__activeUserIds_0='?' (Size = 4000)], CommandType='"Text"', CommandTimeout='30']
SELECT [g].[Id], [g].[CreatedAtUtc], [g].[CurrentValue], [g].[DeletedAtUtc], [g].[IsDeleted], [g].[RelatedActivityId], [g].[RowVersion], [g].[TargetDateUtc], [g].[TargetValue], [g].[Type], [g].[UpdatedAtUtc], [g].[UserId]
FROM [Goals] AS [g]
WHERE [g].[IsDeleted] = CAST(0 AS bit) AND [g].[UserId] IN (
    SELECT [a].[value]
    FROM OPENJSON(@__activeUserIds_0) WITH ([value] uniqueidentifier '$') AS [a]
) AND [g].[TargetDateUtc] IS NOT NULL
[2026-07-30 09:54:35.388 +03:30 DBG] [a33616bb-64b8-4088-ba79-fa0863357c42] Microsoft.WebTools.BrowserLink.Net.BrowserLinkMiddleware: Response markup is scheduled to include Browser Link script injection.
[2026-07-30 09:54:35.390 +03:30 INF] [] Microsoft.EntityFrameworkCore.Database.Command: Executed DbCommand (4ms) [Parameters=[@__userId_0='?' (DbType = Guid)], CommandType='"Text"', CommandTimeout='30']
SELECT [c].[Id], [c].[CreatedAtUtc], [c].[Credits], [c].[DeletedAtUtc], [c].[FinalGrade], [c].[InstructorName], [c].[IsDeleted], [c].[Name], [c].[RowVersion], [c].[Semester], [c].[UpdatedAtUtc], [c].[UserId]
FROM [Courses] AS [c]
WHERE [c].[IsDeleted] = CAST(0 AS bit) AND [c].[UserId] = @__userId_0
[2026-07-30 09:54:35.421 +03:30 INF] [] Microsoft.EntityFrameworkCore.Database.Command: Executed DbCommand (4ms) [Parameters=[@__userId_0='?' (DbType = Guid)], CommandType='"Text"', CommandTimeout='30']
SELECT [s].[StudyDateUtc], [s].[DurationMinutes]
FROM [StudyLogs] AS [s]
WHERE [s].[IsDeleted] = CAST(0 AS bit) AND [s].[UserId] = @__userId_0
[2026-07-30 09:54:35.421 +03:30 DBG] [] Microsoft.WebTools.BrowserLink.Net.BrowserLinkMiddleware: Response markup was updated to include Browser Link script injection.
[2026-07-30 09:54:35.437 +03:30 INF] [] Microsoft.AspNetCore.Hosting.Diagnostics: Request starting HTTP/2 GET https://localhost:7167/_vs/browserLink - null null
[2026-07-30 09:54:35.437 +03:30 INF] [] Microsoft.AspNetCore.Hosting.Diagnostics: Request starting HTTP/2 GET https://localhost:7167/_framework/aspnetcore-browser-refresh.js - null null
[2026-07-30 09:54:35.457 +03:30 INF] [] Microsoft.AspNetCore.Hosting.Diagnostics: Request finished HTTP/2 GET https://localhost:7167/swagger/index.html - 200 null text/html;charset=utf-8 449.144ms
[2026-07-30 09:54:35.488 +03:30 INF] [] Microsoft.AspNetCore.Hosting.Diagnostics: Request finished HTTP/2 GET https://localhost:7167/_framework/aspnetcore-browser-refresh.js - 200 13780 application/javascript; charset=utf-8 51.5075ms
[2026-07-30 09:54:35.498 +03:30 INF] [] Microsoft.EntityFrameworkCore.Database.Command: Executed DbCommand (7ms) [Parameters=[@__relatedActivityIds_0='?' (Size = 4000)], CommandType='"Text"', CommandTimeout='30']
SELECT [l].[Id], [l].[Status]
FROM [LearningActivities] AS [l]
WHERE [l].[IsDeleted] = CAST(0 AS bit) AND [l].[Id] IN (
    SELECT [r].[value]
    FROM OPENJSON(@__relatedActivityIds_0) WITH ([value] uniqueidentifier '$') AS [r]
)
[2026-07-30 09:54:35.536 +03:30 INF] [] Microsoft.EntityFrameworkCore.Database.Command: Executed DbCommand (1ms) [Parameters=[@__userId_0='?' (DbType = Guid), @__type_1='?' (Size = 30), @__sourceId_2='?' (DbType = Guid)], CommandType='"Text"', CommandTimeout='30']
SELECT CASE
    WHEN EXISTS (
        SELECT 1
        FROM [Notifications] AS [n]
        WHERE [n].[IsDeleted] = CAST(0 AS bit) AND [n].[UserId] = @__userId_0 AND [n].[Type] = @__type_1 AND [n].[SourceId] = @__sourceId_2) THEN CAST(1 AS bit)
    ELSE CAST(0 AS bit)
END
[2026-07-30 09:54:35.537 +03:30 INF] [] Microsoft.AspNetCore.Hosting.Diagnostics: Request finished HTTP/2 GET https://localhost:7167/_vs/browserLink - 200 null text/javascript; charset=UTF-8 100.5716ms
[2026-07-30 09:54:35.545 +03:30 INF] [] StudentInsights.Infrastructure.BackgroundJobs.NotificationGenerationJob: Notification generation run complete: ExamTomorrow=0, DeadlineApproaching=0, OverdueActivity=0, GoalBehindSchedule=0 (0 total)
[2026-07-30 09:54:35.644 +03:30 INF] [] Microsoft.AspNetCore.Hosting.Diagnostics: Request starting HTTP/2 GET https://localhost:7167/swagger/v1/swagger.json - null null
[2026-07-30 09:54:35.862 +03:30 INF] [] Microsoft.AspNetCore.Hosting.Diagnostics: Request finished HTTP/2 GET https://localhost:7167/swagger/v1/swagger.json - 200 null application/json;charset=utf-8 219.3294ms
[2026-07-30 09:55:35.660 +03:30 INF] [] Microsoft.AspNetCore.Hosting.Diagnostics: Request starting HTTP/2 OPTIONS https://localhost:7167/api/auth/login - null null
[2026-07-30 09:55:35.681 +03:30 INF] [108659d6-9451-421b-aa7f-65302a5701a0] Microsoft.AspNetCore.Cors.Infrastructure.CorsService: CORS policy execution successful.
[2026-07-30 09:55:35.688 +03:30 INF] [] Microsoft.AspNetCore.Hosting.Diagnostics: Request finished HTTP/2 OPTIONS https://localhost:7167/api/auth/login - 204 null null 28.5044ms
[2026-07-30 09:55:35.691 +03:30 INF] [] Microsoft.AspNetCore.Hosting.Diagnostics: Request starting HTTP/2 POST https://localhost:7167/api/auth/login - application/json 71
[2026-07-30 09:55:35.714 +03:30 INF] [1aa3f6fb-8d66-4fdf-b584-c699bfa5c5b7] Microsoft.AspNetCore.Cors.Infrastructure.CorsService: CORS policy execution successful.
[2026-07-30 09:55:35.850 +03:30 INF] [1aa3f6fb-8d66-4fdf-b584-c699bfa5c5b7] Microsoft.AspNetCore.Routing.EndpointMiddleware: Executing endpoint 'StudentInsights.WebApi.Controllers.AuthController.Login (StudentInsights.WebApi)'
[2026-07-30 09:55:35.888 +03:30 INF] [1aa3f6fb-8d66-4fdf-b584-c699bfa5c5b7] Microsoft.AspNetCore.Mvc.Infrastructure.ControllerActionInvoker: Route matched with {action = "Login", controller = "Auth"}. Executing controller action with signature System.Threading.Tasks.Task`1[Microsoft.AspNetCore.Mvc.ActionResult] Login(StudentInsights.WebApi.Controllers.LoginRequest, System.Threading.CancellationToken) on controller StudentInsights.WebApi.Controllers.AuthController (StudentInsights.WebApi).
[2026-07-30 09:55:36.071 +03:30 INF] [1aa3f6fb-8d66-4fdf-b584-c699bfa5c5b7] Microsoft.AspNetCore.Mvc.Infrastructure.ControllerActionInvoker: Executing action method StudentInsights.WebApi.Controllers.AuthController.Login (StudentInsights.WebApi) - Validation state: "Valid"
[2026-07-30 09:55:36.145 +03:30 INF] [1aa3f6fb-8d66-4fdf-b584-c699bfa5c5b7] Microsoft.EntityFrameworkCore.Database.Command: Executed DbCommand (6ms) [Parameters=[@__normalizedEmail_0='?' (Size = 256)], CommandType='"Text"', CommandTimeout='30']
SELECT TOP(1) [u].[Id], [u].[CreatedAtUtc], [u].[DeletedAtUtc], [u].[Email], [u].[EmailConfirmationTokenExpiresAtUtc], [u].[EmailConfirmationTokenHash], [u].[EmailConfirmed], [u].[EmailConfirmedAtUtc], [u].[FirstName], [u].[IsActive], [u].[IsDeleted], [u].[LastName], [u].[PasswordHash], [u].[PasswordResetTokenExpiresAtUtc], [u].[PasswordResetTokenHash], [u].[Role], [u].[RowVersion], [u].[UpdatedAtUtc]
FROM [Users] AS [u]
WHERE [u].[IsDeleted] = CAST(0 AS bit) AND [u].[Email] = @__normalizedEmail_0
[2026-07-30 09:55:36.752 +03:30 INF] [1aa3f6fb-8d66-4fdf-b584-c699bfa5c5b7] Microsoft.EntityFrameworkCore.Database.Command: Executed DbCommand (7ms) [Parameters=[@p0='?' (DbType = Guid), @p1='?' (DbType = DateTime2), @p2='?' (Size = 45), @p3='?' (DbType = DateTime2), @p4='?' (DbType = DateTime2), @p5='?' (DbType = Boolean), @p6='?' (Size = 64), @p7='?' (DbType = DateTime2), @p8='?' (Size = 45), @p9='?' (Size = 500), @p10='?' (DbType = DateTime2), @p11='?' (DbType = Guid)], CommandType='"Text"', CommandTimeout='30']
SET IMPLICIT_TRANSACTIONS OFF;
SET NOCOUNT ON;
INSERT INTO [RefreshTokens] ([Id], [CreatedAtUtc], [CreatedByIp], [DeletedAtUtc], [ExpiresAtUtc], [IsDeleted], [ReplacedByTokenHash], [RevokedAtUtc], [RevokedByIp], [TokenHash], [UpdatedAtUtc], [UserId])
OUTPUT INSERTED.[RowVersion]
VALUES (@p0, @p1, @p2, @p3, @p4, @p5, @p6, @p7, @p8, @p9, @p10, @p11);
[2026-07-30 09:55:36.817 +03:30 INF] [1aa3f6fb-8d66-4fdf-b584-c699bfa5c5b7] Microsoft.AspNetCore.Mvc.Infrastructure.ControllerActionInvoker: Executed action method StudentInsights.WebApi.Controllers.AuthController.Login (StudentInsights.WebApi), returned result Microsoft.AspNetCore.Mvc.OkObjectResult in 733.2477ms.
[2026-07-30 09:55:36.836 +03:30 INF] [1aa3f6fb-8d66-4fdf-b584-c699bfa5c5b7] Microsoft.AspNetCore.Mvc.Infrastructure.ObjectResultExecutor: Executing OkObjectResult, writing value of type 'StudentInsights.Application.Features.Auth.Common.AuthResult'.
[2026-07-30 09:55:36.867 +03:30 INF] [1aa3f6fb-8d66-4fdf-b584-c699bfa5c5b7] Microsoft.AspNetCore.Mvc.Infrastructure.ControllerActionInvoker: Executed action StudentInsights.WebApi.Controllers.AuthController.Login (StudentInsights.WebApi) in 961.173ms
[2026-07-30 09:55:36.873 +03:30 INF] [1aa3f6fb-8d66-4fdf-b584-c699bfa5c5b7] Microsoft.AspNetCore.Routing.EndpointMiddleware: Executed endpoint 'StudentInsights.WebApi.Controllers.AuthController.Login (StudentInsights.WebApi)'
[2026-07-30 09:55:36.882 +03:30 INF] [] Microsoft.AspNetCore.Hosting.Diagnostics: Request finished HTTP/2 POST https://localhost:7167/api/auth/login - 200 null application/json; charset=utf-8 1191.1356ms
[2026-07-30 09:55:36.986 +03:30 INF] [] Microsoft.AspNetCore.Hosting.Diagnostics: Request starting HTTP/2 OPTIONS https://localhost:7167/api/dashboard - null null
[2026-07-30 09:55:36.987 +03:30 INF] [] Microsoft.AspNetCore.Hosting.Diagnostics: Request starting HTTP/2 OPTIONS https://localhost:7167/api/dashboard - null null
[2026-07-30 09:55:36.996 +03:30 INF] [c968e97a-392b-4097-9f53-a78aa0505cf1] Microsoft.AspNetCore.Cors.Infrastructure.CorsService: CORS policy execution successful.
[2026-07-30 09:55:37.002 +03:30 INF] [0be8e50e-7a04-4521-bdd5-144c942fc16d] Microsoft.AspNetCore.Cors.Infrastructure.CorsService: CORS policy execution successful.
[2026-07-30 09:55:37.006 +03:30 INF] [] Microsoft.AspNetCore.Hosting.Diagnostics: Request finished HTTP/2 OPTIONS https://localhost:7167/api/dashboard - 204 null null 19.5097ms
[2026-07-30 09:55:37.010 +03:30 INF] [] Microsoft.AspNetCore.Hosting.Diagnostics: Request finished HTTP/2 OPTIONS https://localhost:7167/api/dashboard - 204 null null 23.5072ms
[2026-07-30 09:55:37.010 +03:30 INF] [] Microsoft.AspNetCore.Hosting.Diagnostics: Request starting HTTP/2 GET https://localhost:7167/api/dashboard - null null
[2026-07-30 09:55:37.066 +03:30 INF] [69f8b37e-71fd-4021-ab32-e48d3e752da2] Microsoft.AspNetCore.Cors.Infrastructure.CorsService: CORS policy execution successful.
[2026-07-30 09:55:37.210 +03:30 INF] [69f8b37e-71fd-4021-ab32-e48d3e752da2] Microsoft.AspNetCore.Routing.EndpointMiddleware: Executing endpoint 'StudentInsights.WebApi.Controllers.DashboardController.GetDashboardSummary (StudentInsights.WebApi)'
[2026-07-30 09:55:37.233 +03:30 INF] [69f8b37e-71fd-4021-ab32-e48d3e752da2] Microsoft.AspNetCore.Mvc.Infrastructure.ControllerActionInvoker: Route matched with {action = "GetDashboardSummary", controller = "Dashboard"}. Executing controller action with signature System.Threading.Tasks.Task`1[Microsoft.AspNetCore.Mvc.ActionResult`1[StudentInsights.Application.Features.Dashboard.DTOs.DashboardSummaryDto]] GetDashboardSummary(System.Threading.CancellationToken) on controller StudentInsights.WebApi.Controllers.DashboardController (StudentInsights.WebApi).
[2026-07-30 09:55:37.297 +03:30 INF] [69f8b37e-71fd-4021-ab32-e48d3e752da2] Microsoft.AspNetCore.Mvc.Infrastructure.ControllerActionInvoker: Executing action method StudentInsights.WebApi.Controllers.DashboardController.GetDashboardSummary (StudentInsights.WebApi) - Validation state: "Valid"
[2026-07-30 09:55:37.318 +03:30 INF] [69f8b37e-71fd-4021-ab32-e48d3e752da2] Microsoft.EntityFrameworkCore.Database.Command: Executed DbCommand (4ms) [Parameters=[@__userId_0='?' (DbType = Guid)], CommandType='"Text"', CommandTimeout='30']
SELECT [c].[Id], [c].[CreatedAtUtc], [c].[Credits], [c].[DeletedAtUtc], [c].[FinalGrade], [c].[InstructorName], [c].[IsDeleted], [c].[Name], [c].[RowVersion], [c].[Semester], [c].[UpdatedAtUtc], [c].[UserId]
FROM [Courses] AS [c]
WHERE [c].[IsDeleted] = CAST(0 AS bit) AND [c].[UserId] = @__userId_0
[2026-07-30 09:55:37.380 +03:30 INF] [69f8b37e-71fd-4021-ab32-e48d3e752da2] Microsoft.EntityFrameworkCore.Database.Command: Executed DbCommand (6ms) [Parameters=[@__userId_0='?' (DbType = Guid)], CommandType='"Text"', CommandTimeout='30']
SELECT [l].[Type], COUNT(*) AS [Count]
FROM [LearningActivities] AS [l]
WHERE [l].[IsDeleted] = CAST(0 AS bit) AND [l].[UserId] = @__userId_0 AND [l].[Status] <> N'Completed'
GROUP BY [l].[Type]
[2026-07-30 09:55:37.498 +03:30 INF] [69f8b37e-71fd-4021-ab32-e48d3e752da2] Microsoft.EntityFrameworkCore.Database.Command: Executed DbCommand (8ms) [Parameters=[@__userId_0='?' (DbType = Guid)], CommandType='"Text"', CommandTimeout='30']
SELECT [e].[Id], [e].[CourseId], [e].[CreatedAtUtc], [e].[DeletedAtUtc], [e].[Description], [e].[ExamDateUtc], [e].[Grade], [e].[IsDeleted], [e].[RowVersion], [e].[Title], [e].[UpdatedAtUtc], [e].[UserId], [t].[Id], [t].[CreatedAtUtc], [t].[Credits], [t].[DeletedAtUtc], [t].[FinalGrade], [t].[InstructorName], [t].[IsDeleted], [t].[Name], [t].[RowVersion], [t].[Semester], [t].[UpdatedAtUtc], [t].[UserId]
FROM [Exams] AS [e]
INNER JOIN (
    SELECT [c].[Id], [c].[CreatedAtUtc], [c].[Credits], [c].[DeletedAtUtc], [c].[FinalGrade], [c].[InstructorName], [c].[IsDeleted], [c].[Name], [c].[RowVersion], [c].[Semester], [c].[UpdatedAtUtc], [c].[UserId]
    FROM [Courses] AS [c]
    WHERE [c].[IsDeleted] = CAST(0 AS bit)
) AS [t] ON [e].[CourseId] = [t].[Id]
WHERE [e].[IsDeleted] = CAST(0 AS bit) AND [e].[UserId] = @__userId_0
[2026-07-30 09:55:37.519 +03:30 INF] [69f8b37e-71fd-4021-ab32-e48d3e752da2] Microsoft.EntityFrameworkCore.Database.Command: Executed DbCommand (3ms) [Parameters=[@__userId_0='?' (DbType = Guid)], CommandType='"Text"', CommandTimeout='30']
SELECT [g].[Id], [g].[CreatedAtUtc], [g].[CurrentValue], [g].[DeletedAtUtc], [g].[IsDeleted], [g].[RelatedActivityId], [g].[RowVersion], [g].[TargetDateUtc], [g].[TargetValue], [g].[Type], [g].[UpdatedAtUtc], [g].[UserId]
FROM [Goals] AS [g]
WHERE [g].[IsDeleted] = CAST(0 AS bit) AND [g].[UserId] = @__userId_0
[2026-07-30 09:55:37.549 +03:30 INF] [69f8b37e-71fd-4021-ab32-e48d3e752da2] Microsoft.EntityFrameworkCore.Database.Command: Executed DbCommand (6ms) [Parameters=[@__userId_0='?' (DbType = Guid), @__relatedActivityIds_1='?' (Size = 4000)], CommandType='"Text"', CommandTimeout='30']
SELECT [l].[Id], [l].[CompletedAtUtc], [l].[CourseId], [l].[CreatedAtUtc], [l].[DeletedAtUtc], [l].[Description], [l].[DueDateUtc], [l].[IsDeleted], [l].[LastCompletedAtUtc], [l].[Priority], [l].[ResourceLink], [l].[RowVersion], [l].[Status], [l].[Title], [l].[Type], [l].[UpdatedAtUtc], [l].[UserId]
FROM [LearningActivities] AS [l]
WHERE [l].[IsDeleted] = CAST(0 AS bit) AND [l].[UserId] = @__userId_0 AND [l].[Id] IN (
    SELECT [r].[value]
    FROM OPENJSON(@__relatedActivityIds_1) WITH ([value] uniqueidentifier '$') AS [r]
)
[2026-07-30 09:55:37.587 +03:30 INF] [69f8b37e-71fd-4021-ab32-e48d3e752da2] Microsoft.EntityFrameworkCore.Database.Command: Executed DbCommand (4ms) [Parameters=[@__userId_0='?' (DbType = Guid), @__earliestNeededUtc_1='?' (DbType = DateTime2)], CommandType='"Text"', CommandTimeout='30']
SELECT [s].[StudyDateUtc], [s].[DurationMinutes]
FROM [StudyLogs] AS [s]
WHERE [s].[IsDeleted] = CAST(0 AS bit) AND [s].[UserId] = @__userId_0 AND [s].[StudyDateUtc] >= @__earliestNeededUtc_1
[2026-07-30 09:55:37.626 +03:30 INF] [69f8b37e-71fd-4021-ab32-e48d3e752da2] Microsoft.EntityFrameworkCore.Database.Command: Executed DbCommand (4ms) [Parameters=[@__p_1='?' (DbType = Int32), @__userId_0='?' (DbType = Guid)], CommandType='"Text"', CommandTimeout='30']
SELECT TOP(@__p_1) [l].[Id], [l].[Title], COALESCE([l].[UpdatedAtUtc], [l].[CreatedAtUtc])
FROM [LearningActivities] AS [l]
WHERE [l].[IsDeleted] = CAST(0 AS bit) AND [l].[UserId] = @__userId_0
ORDER BY COALESCE([l].[UpdatedAtUtc], [l].[CreatedAtUtc]) DESC
[2026-07-30 09:55:37.668 +03:30 INF] [69f8b37e-71fd-4021-ab32-e48d3e752da2] Microsoft.EntityFrameworkCore.Database.Command: Executed DbCommand (5ms) [Parameters=[@__userId_0='?' (DbType = Guid)], CommandType='"Text"', CommandTimeout='30']
SELECT COUNT(*)
FROM [Notifications] AS [n]
WHERE [n].[IsDeleted] = CAST(0 AS bit) AND [n].[UserId] = @__userId_0 AND [n].[IsRead] = CAST(0 AS bit)
[2026-07-30 09:55:37.680 +03:30 INF] [69f8b37e-71fd-4021-ab32-e48d3e752da2] Microsoft.AspNetCore.Mvc.Infrastructure.ControllerActionInvoker: Executed action method StudentInsights.WebApi.Controllers.DashboardController.GetDashboardSummary (StudentInsights.WebApi), returned result Microsoft.AspNetCore.Mvc.OkObjectResult in 378.5638ms.
[2026-07-30 09:55:37.687 +03:30 INF] [69f8b37e-71fd-4021-ab32-e48d3e752da2] Microsoft.AspNetCore.Mvc.Infrastructure.ObjectResultExecutor: Executing OkObjectResult, writing value of type 'StudentInsights.Application.Features.Dashboard.DTOs.DashboardSummaryDto'.
[2026-07-30 09:55:37.746 +03:30 INF] [69f8b37e-71fd-4021-ab32-e48d3e752da2] Microsoft.AspNetCore.Mvc.Infrastructure.ControllerActionInvoker: Executed action StudentInsights.WebApi.Controllers.DashboardController.GetDashboardSummary (StudentInsights.WebApi) in 506.6232ms
[2026-07-30 09:55:37.749 +03:30 INF] [] Microsoft.AspNetCore.Hosting.Diagnostics: Request starting HTTP/2 GET https://localhost:7167/api/dashboard - null null
[2026-07-30 09:55:37.753 +03:30 INF] [69f8b37e-71fd-4021-ab32-e48d3e752da2] Microsoft.AspNetCore.Routing.EndpointMiddleware: Executed endpoint 'StudentInsights.WebApi.Controllers.DashboardController.GetDashboardSummary (StudentInsights.WebApi)'
[2026-07-30 09:55:37.762 +03:30 INF] [5c118430-d60d-4b50-a614-d039ea8553d5] Microsoft.AspNetCore.Cors.Infrastructure.CorsService: CORS policy execution successful.
[2026-07-30 09:55:37.767 +03:30 INF] [] Microsoft.AspNetCore.Hosting.Diagnostics: Request finished HTTP/2 GET https://localhost:7167/api/dashboard - 200 null application/json; charset=utf-8 757.4953ms
[2026-07-30 09:55:37.776 +03:30 INF] [5c118430-d60d-4b50-a614-d039ea8553d5] Microsoft.AspNetCore.Routing.EndpointMiddleware: Executing endpoint 'StudentInsights.WebApi.Controllers.DashboardController.GetDashboardSummary (StudentInsights.WebApi)'
[2026-07-30 09:55:37.783 +03:30 INF] [5c118430-d60d-4b50-a614-d039ea8553d5] Microsoft.AspNetCore.Mvc.Infrastructure.ControllerActionInvoker: Route matched with {action = "GetDashboardSummary", controller = "Dashboard"}. Executing controller action with signature System.Threading.Tasks.Task`1[Microsoft.AspNetCore.Mvc.ActionResult`1[StudentInsights.Application.Features.Dashboard.DTOs.DashboardSummaryDto]] GetDashboardSummary(System.Threading.CancellationToken) on controller StudentInsights.WebApi.Controllers.DashboardController (StudentInsights.WebApi).
[2026-07-30 09:55:37.828 +03:30 INF] [5c118430-d60d-4b50-a614-d039ea8553d5] Microsoft.AspNetCore.Mvc.Infrastructure.ControllerActionInvoker: Executing action method StudentInsights.WebApi.Controllers.DashboardController.GetDashboardSummary (StudentInsights.WebApi) - Validation state: "Valid"
[2026-07-30 09:55:37.840 +03:30 INF] [5c118430-d60d-4b50-a614-d039ea8553d5] Microsoft.EntityFrameworkCore.Database.Command: Executed DbCommand (3ms) [Parameters=[@__userId_0='?' (DbType = Guid)], CommandType='"Text"', CommandTimeout='30']
SELECT [c].[Id], [c].[CreatedAtUtc], [c].[Credits], [c].[DeletedAtUtc], [c].[FinalGrade], [c].[InstructorName], [c].[IsDeleted], [c].[Name], [c].[RowVersion], [c].[Semester], [c].[UpdatedAtUtc], [c].[UserId]
FROM [Courses] AS [c]
WHERE [c].[IsDeleted] = CAST(0 AS bit) AND [c].[UserId] = @__userId_0
[2026-07-30 09:55:37.854 +03:30 INF] [5c118430-d60d-4b50-a614-d039ea8553d5] Microsoft.EntityFrameworkCore.Database.Command: Executed DbCommand (2ms) [Parameters=[@__userId_0='?' (DbType = Guid)], CommandType='"Text"', CommandTimeout='30']
SELECT [l].[Type], COUNT(*) AS [Count]
FROM [LearningActivities] AS [l]
WHERE [l].[IsDeleted] = CAST(0 AS bit) AND [l].[UserId] = @__userId_0 AND [l].[Status] <> N'Completed'
GROUP BY [l].[Type]
[2026-07-30 09:55:37.865 +03:30 INF] [5c118430-d60d-4b50-a614-d039ea8553d5] Microsoft.EntityFrameworkCore.Database.Command: Executed DbCommand (2ms) [Parameters=[@__userId_0='?' (DbType = Guid)], CommandType='"Text"', CommandTimeout='30']
SELECT [e].[Id], [e].[CourseId], [e].[CreatedAtUtc], [e].[DeletedAtUtc], [e].[Description], [e].[ExamDateUtc], [e].[Grade], [e].[IsDeleted], [e].[RowVersion], [e].[Title], [e].[UpdatedAtUtc], [e].[UserId], [t].[Id], [t].[CreatedAtUtc], [t].[Credits], [t].[DeletedAtUtc], [t].[FinalGrade], [t].[InstructorName], [t].[IsDeleted], [t].[Name], [t].[RowVersion], [t].[Semester], [t].[UpdatedAtUtc], [t].[UserId]
FROM [Exams] AS [e]
INNER JOIN (
    SELECT [c].[Id], [c].[CreatedAtUtc], [c].[Credits], [c].[DeletedAtUtc], [c].[FinalGrade], [c].[InstructorName], [c].[IsDeleted], [c].[Name], [c].[RowVersion], [c].[Semester], [c].[UpdatedAtUtc], [c].[UserId]
    FROM [Courses] AS [c]
    WHERE [c].[IsDeleted] = CAST(0 AS bit)
) AS [t] ON [e].[CourseId] = [t].[Id]
WHERE [e].[IsDeleted] = CAST(0 AS bit) AND [e].[UserId] = @__userId_0
[2026-07-30 09:55:37.875 +03:30 INF] [5c118430-d60d-4b50-a614-d039ea8553d5] Microsoft.EntityFrameworkCore.Database.Command: Executed DbCommand (1ms) [Parameters=[@__userId_0='?' (DbType = Guid)], CommandType='"Text"', CommandTimeout='30']
SELECT [g].[Id], [g].[CreatedAtUtc], [g].[CurrentValue], [g].[DeletedAtUtc], [g].[IsDeleted], [g].[RelatedActivityId], [g].[RowVersion], [g].[TargetDateUtc], [g].[TargetValue], [g].[Type], [g].[UpdatedAtUtc], [g].[UserId]
FROM [Goals] AS [g]
WHERE [g].[IsDeleted] = CAST(0 AS bit) AND [g].[UserId] = @__userId_0
[2026-07-30 09:55:37.888 +03:30 INF] [5c118430-d60d-4b50-a614-d039ea8553d5] Microsoft.EntityFrameworkCore.Database.Command: Executed DbCommand (2ms) [Parameters=[@__userId_0='?' (DbType = Guid), @__relatedActivityIds_1='?' (Size = 4000)], CommandType='"Text"', CommandTimeout='30']
SELECT [l].[Id], [l].[CompletedAtUtc], [l].[CourseId], [l].[CreatedAtUtc], [l].[DeletedAtUtc], [l].[Description], [l].[DueDateUtc], [l].[IsDeleted], [l].[LastCompletedAtUtc], [l].[Priority], [l].[ResourceLink], [l].[RowVersion], [l].[Status], [l].[Title], [l].[Type], [l].[UpdatedAtUtc], [l].[UserId]
FROM [LearningActivities] AS [l]
WHERE [l].[IsDeleted] = CAST(0 AS bit) AND [l].[UserId] = @__userId_0 AND [l].[Id] IN (
    SELECT [r].[value]
    FROM OPENJSON(@__relatedActivityIds_1) WITH ([value] uniqueidentifier '$') AS [r]
)
[2026-07-30 09:55:37.903 +03:30 INF] [5c118430-d60d-4b50-a614-d039ea8553d5] Microsoft.EntityFrameworkCore.Database.Command: Executed DbCommand (2ms) [Parameters=[@__userId_0='?' (DbType = Guid), @__earliestNeededUtc_1='?' (DbType = DateTime2)], CommandType='"Text"', CommandTimeout='30']
SELECT [s].[StudyDateUtc], [s].[DurationMinutes]
FROM [StudyLogs] AS [s]
WHERE [s].[IsDeleted] = CAST(0 AS bit) AND [s].[UserId] = @__userId_0 AND [s].[StudyDateUtc] >= @__earliestNeededUtc_1
[2026-07-30 09:55:37.916 +03:30 INF] [5c118430-d60d-4b50-a614-d039ea8553d5] Microsoft.EntityFrameworkCore.Database.Command: Executed DbCommand (2ms) [Parameters=[@__p_1='?' (DbType = Int32), @__userId_0='?' (DbType = Guid)], CommandType='"Text"', CommandTimeout='30']
SELECT TOP(@__p_1) [l].[Id], [l].[Title], COALESCE([l].[UpdatedAtUtc], [l].[CreatedAtUtc])
FROM [LearningActivities] AS [l]
WHERE [l].[IsDeleted] = CAST(0 AS bit) AND [l].[UserId] = @__userId_0
ORDER BY COALESCE([l].[UpdatedAtUtc], [l].[CreatedAtUtc]) DESC
[2026-07-30 09:55:37.927 +03:30 INF] [5c118430-d60d-4b50-a614-d039ea8553d5] Microsoft.EntityFrameworkCore.Database.Command: Executed DbCommand (2ms) [Parameters=[@__userId_0='?' (DbType = Guid)], CommandType='"Text"', CommandTimeout='30']
SELECT COUNT(*)
FROM [Notifications] AS [n]
WHERE [n].[IsDeleted] = CAST(0 AS bit) AND [n].[UserId] = @__userId_0 AND [n].[IsRead] = CAST(0 AS bit)
[2026-07-30 09:55:37.938 +03:30 INF] [5c118430-d60d-4b50-a614-d039ea8553d5] Microsoft.AspNetCore.Mvc.Infrastructure.ControllerActionInvoker: Executed action method StudentInsights.WebApi.Controllers.DashboardController.GetDashboardSummary (StudentInsights.WebApi), returned result Microsoft.AspNetCore.Mvc.OkObjectResult in 104.3836ms.
[2026-07-30 09:55:37.946 +03:30 INF] [5c118430-d60d-4b50-a614-d039ea8553d5] Microsoft.AspNetCore.Mvc.Infrastructure.ObjectResultExecutor: Executing OkObjectResult, writing value of type 'StudentInsights.Application.Features.Dashboard.DTOs.DashboardSummaryDto'.
[2026-07-30 09:55:37.952 +03:30 INF] [5c118430-d60d-4b50-a614-d039ea8553d5] Microsoft.AspNetCore.Mvc.Infrastructure.ControllerActionInvoker: Executed action StudentInsights.WebApi.Controllers.DashboardController.GetDashboardSummary (StudentInsights.WebApi) in 161.5756ms
[2026-07-30 09:55:37.957 +03:30 INF] [5c118430-d60d-4b50-a614-d039ea8553d5] Microsoft.AspNetCore.Routing.EndpointMiddleware: Executed endpoint 'StudentInsights.WebApi.Controllers.DashboardController.GetDashboardSummary (StudentInsights.WebApi)'
[2026-07-30 09:55:37.962 +03:30 INF] [] Microsoft.AspNetCore.Hosting.Diagnostics: Request finished HTTP/2 GET https://localhost:7167/api/dashboard - 200 null application/json; charset=utf-8 213.3499ms
[2026-07-30 09:55:50.452 +03:30 INF] [] Microsoft.AspNetCore.Hosting.Diagnostics: Request starting HTTP/2 OPTIONS https://localhost:7167/api/courses?pageNumber=1&pageSize=100 - null null
[2026-07-30 09:55:50.452 +03:30 INF] [] Microsoft.AspNetCore.Hosting.Diagnostics: Request starting HTTP/2 OPTIONS https://localhost:7167/api/courses?pageNumber=1&pageSize=100 - null null
[2026-07-30 09:55:50.463 +03:30 INF] [7d7c1f8f-ab3a-4331-82ba-db98179f0a79] Microsoft.AspNetCore.Cors.Infrastructure.CorsService: CORS policy execution successful.
[2026-07-30 09:55:50.470 +03:30 INF] [f6ab455e-0648-4bc3-b7c8-585b2aadcaab] Microsoft.AspNetCore.Cors.Infrastructure.CorsService: CORS policy execution successful.
[2026-07-30 09:55:50.475 +03:30 INF] [] Microsoft.AspNetCore.Hosting.Diagnostics: Request finished HTTP/2 OPTIONS https://localhost:7167/api/courses?pageNumber=1&pageSize=100 - 204 null null 23.6622ms
[2026-07-30 09:55:50.478 +03:30 INF] [] Microsoft.AspNetCore.Hosting.Diagnostics: Request starting HTTP/2 GET https://localhost:7167/api/courses?pageNumber=1&pageSize=100 - null null
[2026-07-30 09:55:50.479 +03:30 INF] [] Microsoft.AspNetCore.Hosting.Diagnostics: Request finished HTTP/2 OPTIONS https://localhost:7167/api/courses?pageNumber=1&pageSize=100 - 204 null null 27.9293ms
[2026-07-30 09:55:50.498 +03:30 INF] [9eb606b2-a866-40c7-a129-bfa8dcf1897a] Microsoft.AspNetCore.Cors.Infrastructure.CorsService: CORS policy execution successful.
[2026-07-30 09:55:50.513 +03:30 INF] [9eb606b2-a866-40c7-a129-bfa8dcf1897a] Microsoft.AspNetCore.Routing.EndpointMiddleware: Executing endpoint 'StudentInsights.WebApi.Controllers.CoursesController.GetCourses (StudentInsights.WebApi)'
[2026-07-30 09:55:50.526 +03:30 INF] [9eb606b2-a866-40c7-a129-bfa8dcf1897a] Microsoft.AspNetCore.Mvc.Infrastructure.ControllerActionInvoker: Route matched with {action = "GetCourses", controller = "Courses"}. Executing controller action with signature System.Threading.Tasks.Task`1[Microsoft.AspNetCore.Mvc.ActionResult`1[StudentInsights.Application.Common.Models.PaginatedResult`1[StudentInsights.Application.Features.Courses.DTOs.CourseDto]]] GetCourses(StudentInsights.Application.Common.Models.PaginationParams, System.String, System.Threading.CancellationToken) on controller StudentInsights.WebApi.Controllers.CoursesController (StudentInsights.WebApi).
[2026-07-30 09:55:50.581 +03:30 INF] [9eb606b2-a866-40c7-a129-bfa8dcf1897a] Microsoft.AspNetCore.Mvc.Infrastructure.ControllerActionInvoker: Executing action method StudentInsights.WebApi.Controllers.CoursesController.GetCourses (StudentInsights.WebApi) - Validation state: "Valid"
[2026-07-30 09:55:50.610 +03:30 INF] [9eb606b2-a866-40c7-a129-bfa8dcf1897a] Microsoft.EntityFrameworkCore.Database.Command: Executed DbCommand (5ms) [Parameters=[@___currentUserService_UserId_0='?' (DbType = Guid)], CommandType='"Text"', CommandTimeout='30']
SELECT COUNT(*)
FROM [Courses] AS [c]
WHERE [c].[IsDeleted] = CAST(0 AS bit) AND [c].[UserId] = @___currentUserService_UserId_0
[2026-07-30 09:55:50.631 +03:30 INF] [9eb606b2-a866-40c7-a129-bfa8dcf1897a] Microsoft.EntityFrameworkCore.Database.Command: Executed DbCommand (3ms) [Parameters=[@___currentUserService_UserId_0='?' (DbType = Guid), @__p_1='?' (DbType = Int32), @__p_2='?' (DbType = Int32)], CommandType='"Text"', CommandTimeout='30']
SELECT [c].[Id], [c].[CreatedAtUtc], [c].[Credits], [c].[DeletedAtUtc], [c].[FinalGrade], [c].[InstructorName], [c].[IsDeleted], [c].[Name], [c].[RowVersion], [c].[Semester], [c].[UpdatedAtUtc], [c].[UserId]
FROM [Courses] AS [c]
WHERE [c].[IsDeleted] = CAST(0 AS bit) AND [c].[UserId] = @___currentUserService_UserId_0
ORDER BY [c].[CreatedAtUtc] DESC
OFFSET @__p_1 ROWS FETCH NEXT @__p_2 ROWS ONLY
[2026-07-30 09:55:50.642 +03:30 INF] [9eb606b2-a866-40c7-a129-bfa8dcf1897a] Microsoft.AspNetCore.Mvc.Infrastructure.ControllerActionInvoker: Executed action method StudentInsights.WebApi.Controllers.CoursesController.GetCourses (StudentInsights.WebApi), returned result Microsoft.AspNetCore.Mvc.OkObjectResult in 56.713ms.
[2026-07-30 09:55:50.650 +03:30 INF] [9eb606b2-a866-40c7-a129-bfa8dcf1897a] Microsoft.AspNetCore.Mvc.Infrastructure.ObjectResultExecutor: Executing OkObjectResult, writing value of type 'StudentInsights.Application.Common.Models.PaginatedResult`1[[StudentInsights.Application.Features.Courses.DTOs.CourseDto, StudentInsights.Application, Version=1.0.0.0, Culture=neutral, PublicKeyToken=null]]'.
[2026-07-30 09:55:50.660 +03:30 INF] [9eb606b2-a866-40c7-a129-bfa8dcf1897a] Microsoft.AspNetCore.Mvc.Infrastructure.ControllerActionInvoker: Executed action StudentInsights.WebApi.Controllers.CoursesController.GetCourses (StudentInsights.WebApi) in 125.6516ms
[2026-07-30 09:55:50.663 +03:30 INF] [] Microsoft.AspNetCore.Hosting.Diagnostics: Request starting HTTP/2 GET https://localhost:7167/api/courses?pageNumber=1&pageSize=100 - null null
[2026-07-30 09:55:50.667 +03:30 INF] [9eb606b2-a866-40c7-a129-bfa8dcf1897a] Microsoft.AspNetCore.Routing.EndpointMiddleware: Executed endpoint 'StudentInsights.WebApi.Controllers.CoursesController.GetCourses (StudentInsights.WebApi)'
[2026-07-30 09:55:50.672 +03:30 INF] [5788008b-f922-49be-9904-5a3e318d2efa] Microsoft.AspNetCore.Cors.Infrastructure.CorsService: CORS policy execution successful.
[2026-07-30 09:55:50.677 +03:30 INF] [] Microsoft.AspNetCore.Hosting.Diagnostics: Request finished HTTP/2 GET https://localhost:7167/api/courses?pageNumber=1&pageSize=100 - 200 null application/json; charset=utf-8 199.3896ms
[2026-07-30 09:55:50.681 +03:30 INF] [5788008b-f922-49be-9904-5a3e318d2efa] Microsoft.AspNetCore.Routing.EndpointMiddleware: Executing endpoint 'StudentInsights.WebApi.Controllers.CoursesController.GetCourses (StudentInsights.WebApi)'
[2026-07-30 09:55:50.687 +03:30 INF] [] Microsoft.AspNetCore.Hosting.Diagnostics: Request starting HTTP/2 OPTIONS https://localhost:7167/api/learning-activities?pageNumber=1&pageSize=50 - null null
[2026-07-30 09:55:50.694 +03:30 INF] [5788008b-f922-49be-9904-5a3e318d2efa] Microsoft.AspNetCore.Mvc.Infrastructure.ControllerActionInvoker: Route matched with {action = "GetCourses", controller = "Courses"}. Executing controller action with signature System.Threading.Tasks.Task`1[Microsoft.AspNetCore.Mvc.ActionResult`1[StudentInsights.Application.Common.Models.PaginatedResult`1[StudentInsights.Application.Features.Courses.DTOs.CourseDto]]] GetCourses(StudentInsights.Application.Common.Models.PaginationParams, System.String, System.Threading.CancellationToken) on controller StudentInsights.WebApi.Controllers.CoursesController (StudentInsights.WebApi).
[2026-07-30 09:55:50.704 +03:30 INF] [7795ec10-ff63-4348-826e-8b1b320c441a] Microsoft.AspNetCore.Cors.Infrastructure.CorsService: CORS policy execution successful.
[2026-07-30 09:55:50.714 +03:30 INF] [] Microsoft.AspNetCore.Hosting.Diagnostics: Request finished HTTP/2 OPTIONS https://localhost:7167/api/learning-activities?pageNumber=1&pageSize=50 - 204 null null 27.8298ms
[2026-07-30 09:55:50.743 +03:30 INF] [5788008b-f922-49be-9904-5a3e318d2efa] Microsoft.AspNetCore.Mvc.Infrastructure.ControllerActionInvoker: Executing action method StudentInsights.WebApi.Controllers.CoursesController.GetCourses (StudentInsights.WebApi) - Validation state: "Valid"
[2026-07-30 09:55:50.746 +03:30 INF] [] Microsoft.AspNetCore.Hosting.Diagnostics: Request starting HTTP/2 GET https://localhost:7167/api/learning-activities?pageNumber=1&pageSize=50 - null null
[2026-07-30 09:55:50.761 +03:30 INF] [5788008b-f922-49be-9904-5a3e318d2efa] Microsoft.EntityFrameworkCore.Database.Command: Executed DbCommand (2ms) [Parameters=[@___currentUserService_UserId_0='?' (DbType = Guid)], CommandType='"Text"', CommandTimeout='30']
SELECT COUNT(*)
FROM [Courses] AS [c]
WHERE [c].[IsDeleted] = CAST(0 AS bit) AND [c].[UserId] = @___currentUserService_UserId_0
[2026-07-30 09:55:50.766 +03:30 INF] [b0c62960-94b1-4962-a19c-6f42b6dfab56] Microsoft.AspNetCore.Cors.Infrastructure.CorsService: CORS policy execution successful.
[2026-07-30 09:55:50.774 +03:30 INF] [5788008b-f922-49be-9904-5a3e318d2efa] Microsoft.EntityFrameworkCore.Database.Command: Executed DbCommand (2ms) [Parameters=[@___currentUserService_UserId_0='?' (DbType = Guid), @__p_1='?' (DbType = Int32), @__p_2='?' (DbType = Int32)], CommandType='"Text"', CommandTimeout='30']
SELECT [c].[Id], [c].[CreatedAtUtc], [c].[Credits], [c].[DeletedAtUtc], [c].[FinalGrade], [c].[InstructorName], [c].[IsDeleted], [c].[Name], [c].[RowVersion], [c].[Semester], [c].[UpdatedAtUtc], [c].[UserId]
FROM [Courses] AS [c]
WHERE [c].[IsDeleted] = CAST(0 AS bit) AND [c].[UserId] = @___currentUserService_UserId_0
ORDER BY [c].[CreatedAtUtc] DESC
OFFSET @__p_1 ROWS FETCH NEXT @__p_2 ROWS ONLY
[2026-07-30 09:55:50.775 +03:30 INF] [b0c62960-94b1-4962-a19c-6f42b6dfab56] Microsoft.AspNetCore.Routing.EndpointMiddleware: Executing endpoint 'StudentInsights.WebApi.Controllers.LearningActivitiesController.GetLearningActivities (StudentInsights.WebApi)'
[2026-07-30 09:55:50.783 +03:30 INF] [5788008b-f922-49be-9904-5a3e318d2efa] Microsoft.AspNetCore.Mvc.Infrastructure.ControllerActionInvoker: Executed action method StudentInsights.WebApi.Controllers.CoursesController.GetCourses (StudentInsights.WebApi), returned result Microsoft.AspNetCore.Mvc.OkObjectResult in 27.0753ms.
[2026-07-30 09:55:50.790 +03:30 INF] [5788008b-f922-49be-9904-5a3e318d2efa] Microsoft.AspNetCore.Mvc.Infrastructure.ObjectResultExecutor: Executing OkObjectResult, writing value of type 'StudentInsights.Application.Common.Models.PaginatedResult`1[[StudentInsights.Application.Features.Courses.DTOs.CourseDto, StudentInsights.Application, Version=1.0.0.0, Culture=neutral, PublicKeyToken=null]]'.
[2026-07-30 09:55:50.797 +03:30 INF] [5788008b-f922-49be-9904-5a3e318d2efa] Microsoft.AspNetCore.Mvc.Infrastructure.ControllerActionInvoker: Executed action StudentInsights.WebApi.Controllers.CoursesController.GetCourses (StudentInsights.WebApi) in 87.2834ms
[2026-07-30 09:55:50.799 +03:30 INF] [b0c62960-94b1-4962-a19c-6f42b6dfab56] Microsoft.AspNetCore.Mvc.Infrastructure.ControllerActionInvoker: Route matched with {action = "GetLearningActivities", controller = "LearningActivities"}. Executing controller action with signature System.Threading.Tasks.Task`1[Microsoft.AspNetCore.Mvc.ActionResult`1[StudentInsights.Application.Common.Models.PaginatedResult`1[StudentInsights.Application.Features.LearningActivities.DTOs.LearningActivityDto]]] GetLearningActivities(System.Nullable`1[System.Guid], System.String, System.Nullable`1[StudentInsights.Domain.Enums.ActivityStatus], System.Nullable`1[StudentInsights.Domain.Enums.ActivityType], StudentInsights.Application.Common.Models.PaginationParams, System.Threading.CancellationToken) on controller StudentInsights.WebApi.Controllers.LearningActivitiesController (StudentInsights.WebApi).
[2026-07-30 09:55:50.803 +03:30 INF] [5788008b-f922-49be-9904-5a3e318d2efa] Microsoft.AspNetCore.Routing.EndpointMiddleware: Executed endpoint 'StudentInsights.WebApi.Controllers.CoursesController.GetCourses (StudentInsights.WebApi)'
[2026-07-30 09:55:50.840 +03:30 INF] [b0c62960-94b1-4962-a19c-6f42b6dfab56] Microsoft.AspNetCore.Mvc.Infrastructure.ControllerActionInvoker: Executing action method StudentInsights.WebApi.Controllers.LearningActivitiesController.GetLearningActivities (StudentInsights.WebApi) - Validation state: "Valid"
[2026-07-30 09:55:50.841 +03:30 INF] [] Microsoft.AspNetCore.Hosting.Diagnostics: Request finished HTTP/2 GET https://localhost:7167/api/courses?pageNumber=1&pageSize=100 - 200 null application/json; charset=utf-8 178.7447ms
[2026-07-30 09:55:50.868 +03:30 INF] [b0c62960-94b1-4962-a19c-6f42b6dfab56] Microsoft.EntityFrameworkCore.Database.Command: Executed DbCommand (5ms) [Parameters=[@___currentUserService_UserId_0='?' (DbType = Guid)], CommandType='"Text"', CommandTimeout='30']
SELECT COUNT(*)
FROM [LearningActivities] AS [l]
WHERE [l].[IsDeleted] = CAST(0 AS bit) AND [l].[UserId] = @___currentUserService_UserId_0
[2026-07-30 09:55:50.892 +03:30 INF] [b0c62960-94b1-4962-a19c-6f42b6dfab56] Microsoft.EntityFrameworkCore.Database.Command: Executed DbCommand (5ms) [Parameters=[@___currentUserService_UserId_0='?' (DbType = Guid), @__p_1='?' (DbType = Int32), @__p_2='?' (DbType = Int32)], CommandType='"Text"', CommandTimeout='30']
SELECT [t].[Id], [t].[CourseId], [t0].[Name], [t].[Title], [t].[Type], [t].[DueDateUtc], [t].[Priority], [t].[Status], [t].[Description], [t].[ResourceLink], [t].[CompletedAtUtc], [t].[CreatedAtUtc], [t].[UpdatedAtUtc]
FROM (
    SELECT [l].[Id], [l].[CompletedAtUtc], [l].[CourseId], [l].[CreatedAtUtc], [l].[Description], [l].[DueDateUtc], [l].[Priority], [l].[ResourceLink], [l].[Status], [l].[Title], [l].[Type], [l].[UpdatedAtUtc]
    FROM [LearningActivities] AS [l]
    WHERE [l].[IsDeleted] = CAST(0 AS bit) AND [l].[UserId] = @___currentUserService_UserId_0
    ORDER BY [l].[DueDateUtc]
    OFFSET @__p_1 ROWS FETCH NEXT @__p_2 ROWS ONLY
) AS [t]
INNER JOIN (
    SELECT [c].[Id], [c].[Name]
    FROM [Courses] AS [c]
    WHERE [c].[IsDeleted] = CAST(0 AS bit)
) AS [t0] ON [t].[CourseId] = [t0].[Id]
ORDER BY [t].[DueDateUtc]
[2026-07-30 09:55:50.903 +03:30 INF] [b0c62960-94b1-4962-a19c-6f42b6dfab56] Microsoft.AspNetCore.Mvc.Infrastructure.ControllerActionInvoker: Executed action method StudentInsights.WebApi.Controllers.LearningActivitiesController.GetLearningActivities (StudentInsights.WebApi), returned result Microsoft.AspNetCore.Mvc.OkObjectResult in 56.856ms.
[2026-07-30 09:55:50.909 +03:30 INF] [b0c62960-94b1-4962-a19c-6f42b6dfab56] Microsoft.AspNetCore.Mvc.Infrastructure.ObjectResultExecutor: Executing OkObjectResult, writing value of type 'StudentInsights.Application.Common.Models.PaginatedResult`1[[StudentInsights.Application.Features.LearningActivities.DTOs.LearningActivityDto, StudentInsights.Application, Version=1.0.0.0, Culture=neutral, PublicKeyToken=null]]'.
[2026-07-30 09:55:50.953 +03:30 INF] [b0c62960-94b1-4962-a19c-6f42b6dfab56] Microsoft.AspNetCore.Mvc.Infrastructure.ControllerActionInvoker: Executed action StudentInsights.WebApi.Controllers.LearningActivitiesController.GetLearningActivities (StudentInsights.WebApi) in 143.7341ms
[2026-07-30 09:55:50.956 +03:30 INF] [] Microsoft.AspNetCore.Hosting.Diagnostics: Request starting HTTP/2 GET https://localhost:7167/api/learning-activities?pageNumber=1&pageSize=50 - null null
[2026-07-30 09:55:50.959 +03:30 INF] [b0c62960-94b1-4962-a19c-6f42b6dfab56] Microsoft.AspNetCore.Routing.EndpointMiddleware: Executed endpoint 'StudentInsights.WebApi.Controllers.LearningActivitiesController.GetLearningActivities (StudentInsights.WebApi)'
[2026-07-30 09:55:50.969 +03:30 INF] [24226477-01ac-4c74-932c-118498457da8] Microsoft.AspNetCore.Cors.Infrastructure.CorsService: CORS policy execution successful.
[2026-07-30 09:55:50.973 +03:30 INF] [] Microsoft.AspNetCore.Hosting.Diagnostics: Request finished HTTP/2 GET https://localhost:7167/api/learning-activities?pageNumber=1&pageSize=50 - 200 null application/json; charset=utf-8 226.7379ms
[2026-07-30 09:55:50.977 +03:30 INF] [24226477-01ac-4c74-932c-118498457da8] Microsoft.AspNetCore.Routing.EndpointMiddleware: Executing endpoint 'StudentInsights.WebApi.Controllers.LearningActivitiesController.GetLearningActivities (StudentInsights.WebApi)'
[2026-07-30 09:55:50.988 +03:30 INF] [24226477-01ac-4c74-932c-118498457da8] Microsoft.AspNetCore.Mvc.Infrastructure.ControllerActionInvoker: Route matched with {action = "GetLearningActivities", controller = "LearningActivities"}. Executing controller action with signature System.Threading.Tasks.Task`1[Microsoft.AspNetCore.Mvc.ActionResult`1[StudentInsights.Application.Common.Models.PaginatedResult`1[StudentInsights.Application.Features.LearningActivities.DTOs.LearningActivityDto]]] GetLearningActivities(System.Nullable`1[System.Guid], System.String, System.Nullable`1[StudentInsights.Domain.Enums.ActivityStatus], System.Nullable`1[StudentInsights.Domain.Enums.ActivityType], StudentInsights.Application.Common.Models.PaginationParams, System.Threading.CancellationToken) on controller StudentInsights.WebApi.Controllers.LearningActivitiesController (StudentInsights.WebApi).
[2026-07-30 09:55:51.029 +03:30 INF] [24226477-01ac-4c74-932c-118498457da8] Microsoft.AspNetCore.Mvc.Infrastructure.ControllerActionInvoker: Executing action method StudentInsights.WebApi.Controllers.LearningActivitiesController.GetLearningActivities (StudentInsights.WebApi) - Validation state: "Valid"
[2026-07-30 09:55:51.041 +03:30 INF] [24226477-01ac-4c74-932c-118498457da8] Microsoft.EntityFrameworkCore.Database.Command: Executed DbCommand (2ms) [Parameters=[@___currentUserService_UserId_0='?' (DbType = Guid)], CommandType='"Text"', CommandTimeout='30']
SELECT COUNT(*)
FROM [LearningActivities] AS [l]
WHERE [l].[IsDeleted] = CAST(0 AS bit) AND [l].[UserId] = @___currentUserService_UserId_0
[2026-07-30 09:55:51.054 +03:30 INF] [24226477-01ac-4c74-932c-118498457da8] Microsoft.EntityFrameworkCore.Database.Command: Executed DbCommand (2ms) [Parameters=[@___currentUserService_UserId_0='?' (DbType = Guid), @__p_1='?' (DbType = Int32), @__p_2='?' (DbType = Int32)], CommandType='"Text"', CommandTimeout='30']
SELECT [t].[Id], [t].[CourseId], [t0].[Name], [t].[Title], [t].[Type], [t].[DueDateUtc], [t].[Priority], [t].[Status], [t].[Description], [t].[ResourceLink], [t].[CompletedAtUtc], [t].[CreatedAtUtc], [t].[UpdatedAtUtc]
FROM (
    SELECT [l].[Id], [l].[CompletedAtUtc], [l].[CourseId], [l].[CreatedAtUtc], [l].[Description], [l].[DueDateUtc], [l].[Priority], [l].[ResourceLink], [l].[Status], [l].[Title], [l].[Type], [l].[UpdatedAtUtc]
    FROM [LearningActivities] AS [l]
    WHERE [l].[IsDeleted] = CAST(0 AS bit) AND [l].[UserId] = @___currentUserService_UserId_0
    ORDER BY [l].[DueDateUtc]
    OFFSET @__p_1 ROWS FETCH NEXT @__p_2 ROWS ONLY
) AS [t]
INNER JOIN (
    SELECT [c].[Id], [c].[Name]
    FROM [Courses] AS [c]
    WHERE [c].[IsDeleted] = CAST(0 AS bit)
) AS [t0] ON [t].[CourseId] = [t0].[Id]
ORDER BY [t].[DueDateUtc]
[2026-07-30 09:55:51.062 +03:30 INF] [24226477-01ac-4c74-932c-118498457da8] Microsoft.AspNetCore.Mvc.Infrastructure.ControllerActionInvoker: Executed action method StudentInsights.WebApi.Controllers.LearningActivitiesController.GetLearningActivities (StudentInsights.WebApi), returned result Microsoft.AspNetCore.Mvc.OkObjectResult in 27.4254ms.
[2026-07-30 09:55:51.067 +03:30 INF] [24226477-01ac-4c74-932c-118498457da8] Microsoft.AspNetCore.Mvc.Infrastructure.ObjectResultExecutor: Executing OkObjectResult, writing value of type 'StudentInsights.Application.Common.Models.PaginatedResult`1[[StudentInsights.Application.Features.LearningActivities.DTOs.LearningActivityDto, StudentInsights.Application, Version=1.0.0.0, Culture=neutral, PublicKeyToken=null]]'.
[2026-07-30 09:55:51.071 +03:30 INF] [24226477-01ac-4c74-932c-118498457da8] Microsoft.AspNetCore.Mvc.Infrastructure.ControllerActionInvoker: Executed action StudentInsights.WebApi.Controllers.LearningActivitiesController.GetLearningActivities (StudentInsights.WebApi) in 76.4904ms
[2026-07-30 09:55:51.077 +03:30 INF] [24226477-01ac-4c74-932c-118498457da8] Microsoft.AspNetCore.Routing.EndpointMiddleware: Executed endpoint 'StudentInsights.WebApi.Controllers.LearningActivitiesController.GetLearningActivities (StudentInsights.WebApi)'
[2026-07-30 09:55:51.082 +03:30 INF] [] Microsoft.AspNetCore.Hosting.Diagnostics: Request finished HTTP/2 GET https://localhost:7167/api/learning-activities?pageNumber=1&pageSize=50 - 200 null application/json; charset=utf-8 126.5128ms
[2026-07-30 20:00:50.000 +03:30 WRN] [] Microsoft.EntityFrameworkCore.Model.Validation: Entity 'Course' has a global query filter defined and is the required end of a relationship with the entity 'ClassSchedule'. This may lead to unexpected results when the required entity is filtered out. Either configure the navigation as optional, or define matching query filters for both entities in the navigation. See https://go.microsoft.com/fwlink/?linkid=2131316 for more information.
[2026-07-30 20:00:51.022 +03:30 INF] [] Microsoft.EntityFrameworkCore.Database.Command: Executed DbCommand (40ms) [Parameters=[], CommandType='"Text"', CommandTimeout='30']
SELECT CASE
    WHEN EXISTS (
        SELECT 1
        FROM [Users] AS [u]
        WHERE [u].[IsDeleted] = CAST(0 AS bit) AND [u].[Role] = N'Admin') THEN CAST(1 AS bit)
    ELSE CAST(0 AS bit)
END
[2026-07-30 20:00:51.728 +03:30 INF] [] Hangfire.SqlServer.SqlServerObjectsInstaller: Start installing Hangfire SQL objects...
[2026-07-30 20:00:51.944 +03:30 INF] [] Hangfire.SqlServer.SqlServerObjectsInstaller: Hangfire SQL objects installed.
[2026-07-30 20:00:52.193 +03:30 DBG] [] Microsoft.Extensions.Hosting.Internal.Host: Hosting starting
[2026-07-30 20:00:52.216 +03:30 INF] [] Microsoft.AspNetCore.DataProtection.KeyManagement.XmlKeyManager: User profile is available. Using 'C:\Users\SanazDarbandi\AppData\Local\ASP.NET\DataProtection-Keys' as key repository and Windows DPAPI to encrypt keys at rest.
[2026-07-30 20:00:52.651 +03:30 INF] [] Microsoft.Hosting.Lifetime: Now listening on: https://localhost:7167
[2026-07-30 20:00:52.656 +03:30 INF] [] Microsoft.Hosting.Lifetime: Now listening on: http://localhost:5161
[2026-07-30 20:00:52.667 +03:30 INF] [] Hangfire.BackgroundJobServer: Starting Hangfire Server using job storage: 'SQL Server: .@StudentInsightsDb'
[2026-07-30 20:00:52.671 +03:30 INF] [] Hangfire.BackgroundJobServer: Using the following options for SQL Server job storage: Queue poll interval: 00:00:00.
[2026-07-30 20:00:52.674 +03:30 INF] [] Hangfire.BackgroundJobServer: Using the following options for Hangfire Server:
    Worker count: 20
    Listening queues: 'default'
    Shutdown timeout: 00:00:15
    Schedule polling interval: 00:00:15
[2026-07-30 20:00:52.709 +03:30 INF] [] Microsoft.Hosting.Lifetime: Application started. Press Ctrl+C to shut down.
[2026-07-30 20:00:52.713 +03:30 INF] [] Microsoft.Hosting.Lifetime: Hosting environment: Development
[2026-07-30 20:00:52.716 +03:30 INF] [] Microsoft.Hosting.Lifetime: Content root path: C:\Users\SanazDarbandi\source\repos\StudentInsights\backend\StudentInsights\StudentInsights.WebApi
[2026-07-30 20:00:52.719 +03:30 DBG] [] Microsoft.Extensions.Hosting.Internal.Host: Hosting started
[2026-07-30 20:00:52.732 +03:30 INF] [] Hangfire.Server.BackgroundServerProcess: Server sanaz:16172:29bafd44 successfully announced in 22.3682 ms
[2026-07-30 20:00:52.743 +03:30 INF] [] Hangfire.Server.BackgroundServerProcess: Server sanaz:16172:29bafd44 is starting the registered dispatchers: ServerWatchdog, ServerJobCancellationWatcher, SqlServerHeartbeatProcess, ExpirationManager, CountersAggregator, Worker, DelayedJobScheduler, RecurringJobScheduler...
[2026-07-30 20:00:52.783 +03:30 INF] [] Hangfire.Server.ServerWatchdog: 1 servers were removed due to timeout
[2026-07-30 20:00:52.918 +03:30 INF] [] Hangfire.Server.BackgroundServerProcess: Server sanaz:16172:29bafd44 all the dispatchers started
[2026-07-30 20:00:53.564 +03:30 INF] [] Microsoft.AspNetCore.Hosting.Diagnostics: Request starting HTTP/2 GET https://localhost:7167/swagger/index.html - null null
[2026-07-30 20:00:53.639 +03:30 INF] [] Microsoft.EntityFrameworkCore.Database.Command: Executed DbCommand (14ms) [Parameters=[], CommandType='"Text"', CommandTimeout='30']
SELECT [u].[Id]
FROM [Users] AS [u]
WHERE [u].[IsDeleted] = CAST(0 AS bit) AND [u].[IsActive] = CAST(1 AS bit)
[2026-07-30 20:00:54.000 +03:30 INF] [] Microsoft.EntityFrameworkCore.Database.Command: Executed DbCommand (13ms) [Parameters=[@__activeUserIds_0='?' (Size = 4000), @__tomorrowStartUtc_1='?' (DbType = DateTime2), @__tomorrowEndUtc_2='?' (DbType = DateTime2)], CommandType='"Text"', CommandTimeout='30']
SELECT [e].[Id], [e].[UserId], [e].[Title]
FROM [Exams] AS [e]
WHERE [e].[IsDeleted] = CAST(0 AS bit) AND [e].[UserId] IN (
    SELECT [a].[value]
    FROM OPENJSON(@__activeUserIds_0) WITH ([value] uniqueidentifier '$') AS [a]
) AND [e].[ExamDateUtc] >= @__tomorrowStartUtc_1 AND [e].[ExamDateUtc] < @__tomorrowEndUtc_2
[2026-07-30 20:00:54.078 +03:30 INF] [] Microsoft.EntityFrameworkCore.Database.Command: Executed DbCommand (12ms) [Parameters=[@__activeUserIds_0='?' (Size = 4000), @__utcNow_1='?' (DbType = DateTime2), @__deadlineWindowEndUtc_2='?' (DbType = DateTime2)], CommandType='"Text"', CommandTimeout='30']
SELECT [l].[Id], [l].[UserId], [l].[Title]
FROM [LearningActivities] AS [l]
WHERE [l].[IsDeleted] = CAST(0 AS bit) AND [l].[UserId] IN (
    SELECT [a].[value]
    FROM OPENJSON(@__activeUserIds_0) WITH ([value] uniqueidentifier '$') AS [a]
) AND [l].[DueDateUtc] >= @__utcNow_1 AND [l].[DueDateUtc] <= @__deadlineWindowEndUtc_2 AND [l].[Status] <> N'Completed'
[2026-07-30 20:00:54.116 +03:30 INF] [] Microsoft.EntityFrameworkCore.Database.Command: Executed DbCommand (13ms) [Parameters=[@__activeUserIds_0='?' (Size = 4000), @__utcNow_1='?' (DbType = DateTime2)], CommandType='"Text"', CommandTimeout='30']
SELECT [l].[Id], [l].[UserId], [l].[Title], [l].[LastCompletedAtUtc]
FROM [LearningActivities] AS [l]
WHERE [l].[IsDeleted] = CAST(0 AS bit) AND [l].[UserId] IN (
    SELECT [a].[value]
    FROM OPENJSON(@__activeUserIds_0) WITH ([value] uniqueidentifier '$') AS [a]
) AND [l].[DueDateUtc] < @__utcNow_1 AND [l].[Status] <> N'Completed'
[2026-07-30 20:00:54.144 +03:30 INF] [] Microsoft.EntityFrameworkCore.Database.Command: Executed DbCommand (5ms) [Parameters=[@__userId_0='?' (DbType = Guid), @__type_1='?' (Size = 30), @__sourceId_2='?' (DbType = Guid)], CommandType='"Text"', CommandTimeout='30']
SELECT CASE
    WHEN EXISTS (
        SELECT 1
        FROM [Notifications] AS [n]
        WHERE [n].[IsDeleted] = CAST(0 AS bit) AND [n].[UserId] = @__userId_0 AND [n].[Type] = @__type_1 AND [n].[SourceId] = @__sourceId_2) THEN CAST(1 AS bit)
    ELSE CAST(0 AS bit)
END
[2026-07-30 20:00:54.181 +03:30 DBG] [d6808383-c96e-4015-8df0-a1de6812945a] Microsoft.WebTools.BrowserLink.Net.BrowserLinkMiddleware: Response markup is scheduled to include Browser Link script injection.
[2026-07-30 20:00:54.246 +03:30 DBG] [] Microsoft.WebTools.BrowserLink.Net.BrowserLinkMiddleware: Response markup was updated to include Browser Link script injection.
[2026-07-30 20:00:54.256 +03:30 INF] [] Microsoft.AspNetCore.Hosting.Diagnostics: Request starting HTTP/2 GET https://localhost:7167/_framework/aspnetcore-browser-refresh.js - null null
[2026-07-30 20:00:54.273 +03:30 INF] [] Microsoft.AspNetCore.Hosting.Diagnostics: Request starting HTTP/2 GET https://localhost:7167/_vs/browserLink - null null
[2026-07-30 20:00:54.291 +03:30 INF] [] Microsoft.AspNetCore.Hosting.Diagnostics: Request finished HTTP/2 GET https://localhost:7167/swagger/index.html - 200 null text/html;charset=utf-8 735.3433ms
[2026-07-30 20:00:54.307 +03:30 INF] [] Microsoft.AspNetCore.Hosting.Diagnostics: Request finished HTTP/2 GET https://localhost:7167/_framework/aspnetcore-browser-refresh.js - 200 13780 application/javascript; charset=utf-8 51.2057ms
[2026-07-30 20:00:54.284 +03:30 INF] [] Microsoft.EntityFrameworkCore.Database.Command: Executed DbCommand (38ms) [Parameters=[@__activeUserIds_0='?' (Size = 4000)], CommandType='"Text"', CommandTimeout='30']
SELECT [g].[Id], [g].[CreatedAtUtc], [g].[CurrentValue], [g].[DeletedAtUtc], [g].[IsDeleted], [g].[RelatedActivityId], [g].[RowVersion], [g].[TargetDateUtc], [g].[TargetValue], [g].[Type], [g].[UpdatedAtUtc], [g].[UserId]
FROM [Goals] AS [g]
WHERE [g].[IsDeleted] = CAST(0 AS bit) AND [g].[UserId] IN (
    SELECT [a].[value]
    FROM OPENJSON(@__activeUserIds_0) WITH ([value] uniqueidentifier '$') AS [a]
) AND [g].[TargetDateUtc] IS NOT NULL
[2026-07-30 20:00:54.400 +03:30 INF] [] Microsoft.EntityFrameworkCore.Database.Command: Executed DbCommand (8ms) [Parameters=[@__userId_0='?' (DbType = Guid)], CommandType='"Text"', CommandTimeout='30']
SELECT [c].[Id], [c].[CreatedAtUtc], [c].[Credits], [c].[DeletedAtUtc], [c].[FinalGrade], [c].[InstructorName], [c].[IsDeleted], [c].[Name], [c].[RowVersion], [c].[Semester], [c].[UpdatedAtUtc], [c].[UserId]
FROM [Courses] AS [c]
WHERE [c].[IsDeleted] = CAST(0 AS bit) AND [c].[UserId] = @__userId_0
[2026-07-30 20:00:54.420 +03:30 INF] [] Microsoft.AspNetCore.Hosting.Diagnostics: Request finished HTTP/2 GET https://localhost:7167/_vs/browserLink - 200 null text/javascript; charset=UTF-8 156.1998ms
[2026-07-30 20:00:54.442 +03:30 INF] [] Microsoft.EntityFrameworkCore.Database.Command: Executed DbCommand (4ms) [Parameters=[@__userId_0='?' (DbType = Guid)], CommandType='"Text"', CommandTimeout='30']
SELECT [s].[StudyDateUtc], [s].[DurationMinutes]
FROM [StudyLogs] AS [s]
WHERE [s].[IsDeleted] = CAST(0 AS bit) AND [s].[UserId] = @__userId_0
[2026-07-30 20:00:54.473 +03:30 INF] [] Microsoft.AspNetCore.Hosting.Diagnostics: Request starting HTTP/2 GET https://localhost:7167/swagger/v1/swagger.json - null null
[2026-07-30 20:00:54.488 +03:30 INF] [] Microsoft.EntityFrameworkCore.Database.Command: Executed DbCommand (11ms) [Parameters=[@__relatedActivityIds_0='?' (Size = 4000)], CommandType='"Text"', CommandTimeout='30']
SELECT [l].[Id], [l].[Status]
FROM [LearningActivities] AS [l]
WHERE [l].[IsDeleted] = CAST(0 AS bit) AND [l].[Id] IN (
    SELECT [r].[value]
    FROM OPENJSON(@__relatedActivityIds_0) WITH ([value] uniqueidentifier '$') AS [r]
)
[2026-07-30 20:00:54.537 +03:30 INF] [] Microsoft.EntityFrameworkCore.Database.Command: Executed DbCommand (5ms) [Parameters=[@__userId_0='?' (DbType = Guid), @__type_1='?' (Size = 30), @__sourceId_2='?' (DbType = Guid)], CommandType='"Text"', CommandTimeout='30']
SELECT CASE
    WHEN EXISTS (
        SELECT 1
        FROM [Notifications] AS [n]
        WHERE [n].[IsDeleted] = CAST(0 AS bit) AND [n].[UserId] = @__userId_0 AND [n].[Type] = @__type_1 AND [n].[SourceId] = @__sourceId_2) THEN CAST(1 AS bit)
    ELSE CAST(0 AS bit)
END
[2026-07-30 20:00:54.546 +03:30 INF] [] StudentInsights.Infrastructure.BackgroundJobs.NotificationGenerationJob: Notification generation run complete: ExamTomorrow=0, DeadlineApproaching=0, OverdueActivity=0, GoalBehindSchedule=0 (0 total)
[2026-07-30 20:00:54.878 +03:30 INF] [] Microsoft.AspNetCore.Hosting.Diagnostics: Request finished HTTP/2 GET https://localhost:7167/swagger/v1/swagger.json - 200 null application/json;charset=utf-8 405.3842ms
[2026-07-30 20:06:44.310 +03:30 INF] [] Microsoft.AspNetCore.Hosting.Diagnostics: Request starting HTTP/2 OPTIONS https://localhost:7167/api/auth/login - null null
[2026-07-30 20:06:44.340 +03:30 INF] [125d151f-9ae6-48c6-b574-cb3cd3d33598] Microsoft.AspNetCore.Cors.Infrastructure.CorsService: CORS policy execution successful.
[2026-07-30 20:06:44.345 +03:30 INF] [] Microsoft.AspNetCore.Hosting.Diagnostics: Request finished HTTP/2 OPTIONS https://localhost:7167/api/auth/login - 204 null null 36.2643ms
[2026-07-30 20:06:44.348 +03:30 INF] [] Microsoft.AspNetCore.Hosting.Diagnostics: Request starting HTTP/2 POST https://localhost:7167/api/auth/login - application/json 72
[2026-07-30 20:06:44.382 +03:30 INF] [3ed3532e-8a8c-4345-8d51-e0b55d10697c] Microsoft.AspNetCore.Cors.Infrastructure.CorsService: CORS policy execution successful.
[2026-07-30 20:06:44.508 +03:30 INF] [3ed3532e-8a8c-4345-8d51-e0b55d10697c] Microsoft.AspNetCore.Routing.EndpointMiddleware: Executing endpoint 'StudentInsights.WebApi.Controllers.AuthController.Login (StudentInsights.WebApi)'
[2026-07-30 20:06:44.549 +03:30 INF] [3ed3532e-8a8c-4345-8d51-e0b55d10697c] Microsoft.AspNetCore.Mvc.Infrastructure.ControllerActionInvoker: Route matched with {action = "Login", controller = "Auth"}. Executing controller action with signature System.Threading.Tasks.Task`1[Microsoft.AspNetCore.Mvc.ActionResult] Login(StudentInsights.WebApi.Controllers.LoginRequest, System.Threading.CancellationToken) on controller StudentInsights.WebApi.Controllers.AuthController (StudentInsights.WebApi).
[2026-07-30 20:06:44.727 +03:30 INF] [3ed3532e-8a8c-4345-8d51-e0b55d10697c] Microsoft.AspNetCore.Mvc.Infrastructure.ControllerActionInvoker: Executing action method StudentInsights.WebApi.Controllers.AuthController.Login (StudentInsights.WebApi) - Validation state: "Valid"
[2026-07-30 20:06:44.805 +03:30 INF] [3ed3532e-8a8c-4345-8d51-e0b55d10697c] Microsoft.EntityFrameworkCore.Database.Command: Executed DbCommand (4ms) [Parameters=[@__normalizedEmail_0='?' (Size = 256)], CommandType='"Text"', CommandTimeout='30']
SELECT TOP(1) [u].[Id], [u].[CreatedAtUtc], [u].[DeletedAtUtc], [u].[Email], [u].[EmailConfirmationTokenExpiresAtUtc], [u].[EmailConfirmationTokenHash], [u].[EmailConfirmed], [u].[EmailConfirmedAtUtc], [u].[FirstName], [u].[IsActive], [u].[IsDeleted], [u].[LastName], [u].[PasswordHash], [u].[PasswordResetTokenExpiresAtUtc], [u].[PasswordResetTokenHash], [u].[Role], [u].[RowVersion], [u].[UpdatedAtUtc]
FROM [Users] AS [u]
WHERE [u].[IsDeleted] = CAST(0 AS bit) AND [u].[Email] = @__normalizedEmail_0
[2026-07-30 20:06:45.362 +03:30 INF] [3ed3532e-8a8c-4345-8d51-e0b55d10697c] Microsoft.EntityFrameworkCore.Database.Command: Executed DbCommand (6ms) [Parameters=[@p0='?' (DbType = Guid), @p1='?' (DbType = DateTime2), @p2='?' (Size = 45), @p3='?' (DbType = DateTime2), @p4='?' (DbType = DateTime2), @p5='?' (DbType = Boolean), @p6='?' (Size = 64), @p7='?' (DbType = DateTime2), @p8='?' (Size = 45), @p9='?' (Size = 500), @p10='?' (DbType = DateTime2), @p11='?' (DbType = Guid)], CommandType='"Text"', CommandTimeout='30']
SET IMPLICIT_TRANSACTIONS OFF;
SET NOCOUNT ON;
INSERT INTO [RefreshTokens] ([Id], [CreatedAtUtc], [CreatedByIp], [DeletedAtUtc], [ExpiresAtUtc], [IsDeleted], [ReplacedByTokenHash], [RevokedAtUtc], [RevokedByIp], [TokenHash], [UpdatedAtUtc], [UserId])
OUTPUT INSERTED.[RowVersion]
VALUES (@p0, @p1, @p2, @p3, @p4, @p5, @p6, @p7, @p8, @p9, @p10, @p11);
[2026-07-30 20:06:45.403 +03:30 INF] [3ed3532e-8a8c-4345-8d51-e0b55d10697c] Microsoft.AspNetCore.Mvc.Infrastructure.ControllerActionInvoker: Executed action method StudentInsights.WebApi.Controllers.AuthController.Login (StudentInsights.WebApi), returned result Microsoft.AspNetCore.Mvc.OkObjectResult in 664.6617ms.
[2026-07-30 20:06:45.422 +03:30 INF] [3ed3532e-8a8c-4345-8d51-e0b55d10697c] Microsoft.AspNetCore.Mvc.Infrastructure.ObjectResultExecutor: Executing OkObjectResult, writing value of type 'StudentInsights.Application.Features.Auth.Common.AuthResult'.
[2026-07-30 20:06:45.445 +03:30 INF] [3ed3532e-8a8c-4345-8d51-e0b55d10697c] Microsoft.AspNetCore.Mvc.Infrastructure.ControllerActionInvoker: Executed action StudentInsights.WebApi.Controllers.AuthController.Login (StudentInsights.WebApi) in 883.9444ms
[2026-07-30 20:06:45.453 +03:30 INF] [3ed3532e-8a8c-4345-8d51-e0b55d10697c] Microsoft.AspNetCore.Routing.EndpointMiddleware: Executed endpoint 'StudentInsights.WebApi.Controllers.AuthController.Login (StudentInsights.WebApi)'
[2026-07-30 20:06:45.460 +03:30 INF] [] Microsoft.AspNetCore.Hosting.Diagnostics: Request finished HTTP/2 POST https://localhost:7167/api/auth/login - 200 null application/json; charset=utf-8 1111.6966ms
[2026-07-30 20:06:45.558 +03:30 INF] [] Microsoft.AspNetCore.Hosting.Diagnostics: Request starting HTTP/2 OPTIONS https://localhost:7167/api/dashboard - null null
[2026-07-30 20:06:45.559 +03:30 INF] [] Microsoft.AspNetCore.Hosting.Diagnostics: Request starting HTTP/2 OPTIONS https://localhost:7167/api/dashboard - null null
[2026-07-30 20:06:45.568 +03:30 INF] [18f3f550-6b01-41ce-8b4a-744ebfe0353f] Microsoft.AspNetCore.Cors.Infrastructure.CorsService: CORS policy execution successful.
[2026-07-30 20:06:45.572 +03:30 INF] [c3648013-79e3-4831-831b-ddd013b65134] Microsoft.AspNetCore.Cors.Infrastructure.CorsService: CORS policy execution successful.
[2026-07-30 20:06:45.575 +03:30 INF] [] Microsoft.AspNetCore.Hosting.Diagnostics: Request finished HTTP/2 OPTIONS https://localhost:7167/api/dashboard - 204 null null 17.2349ms
[2026-07-30 20:06:45.578 +03:30 INF] [] Microsoft.AspNetCore.Hosting.Diagnostics: Request starting HTTP/2 GET https://localhost:7167/api/dashboard - null null
[2026-07-30 20:06:45.578 +03:30 INF] [] Microsoft.AspNetCore.Hosting.Diagnostics: Request finished HTTP/2 OPTIONS https://localhost:7167/api/dashboard - 204 null null 20.0279ms
[2026-07-30 20:06:45.591 +03:30 INF] [af5e4847-d128-45a5-9420-77ae7fca868a] Microsoft.AspNetCore.Cors.Infrastructure.CorsService: CORS policy execution successful.
[2026-07-30 20:06:45.693 +03:30 INF] [af5e4847-d128-45a5-9420-77ae7fca868a] Microsoft.AspNetCore.Routing.EndpointMiddleware: Executing endpoint 'StudentInsights.WebApi.Controllers.DashboardController.GetDashboardSummary (StudentInsights.WebApi)'
[2026-07-30 20:06:45.706 +03:30 INF] [af5e4847-d128-45a5-9420-77ae7fca868a] Microsoft.AspNetCore.Mvc.Infrastructure.ControllerActionInvoker: Route matched with {action = "GetDashboardSummary", controller = "Dashboard"}. Executing controller action with signature System.Threading.Tasks.Task`1[Microsoft.AspNetCore.Mvc.ActionResult`1[StudentInsights.Application.Features.Dashboard.DTOs.DashboardSummaryDto]] GetDashboardSummary(System.Threading.CancellationToken) on controller StudentInsights.WebApi.Controllers.DashboardController (StudentInsights.WebApi).
[2026-07-30 20:06:45.750 +03:30 INF] [af5e4847-d128-45a5-9420-77ae7fca868a] Microsoft.AspNetCore.Mvc.Infrastructure.ControllerActionInvoker: Executing action method StudentInsights.WebApi.Controllers.DashboardController.GetDashboardSummary (StudentInsights.WebApi) - Validation state: "Valid"
[2026-07-30 20:06:45.773 +03:30 INF] [af5e4847-d128-45a5-9420-77ae7fca868a] Microsoft.EntityFrameworkCore.Database.Command: Executed DbCommand (6ms) [Parameters=[@__userId_0='?' (DbType = Guid)], CommandType='"Text"', CommandTimeout='30']
SELECT [c].[Id], [c].[CreatedAtUtc], [c].[Credits], [c].[DeletedAtUtc], [c].[FinalGrade], [c].[InstructorName], [c].[IsDeleted], [c].[Name], [c].[RowVersion], [c].[Semester], [c].[UpdatedAtUtc], [c].[UserId]
FROM [Courses] AS [c]
WHERE [c].[IsDeleted] = CAST(0 AS bit) AND [c].[UserId] = @__userId_0
[2026-07-30 20:06:45.839 +03:30 INF] [af5e4847-d128-45a5-9420-77ae7fca868a] Microsoft.EntityFrameworkCore.Database.Command: Executed DbCommand (6ms) [Parameters=[@__userId_0='?' (DbType = Guid)], CommandType='"Text"', CommandTimeout='30']
SELECT [l].[Type], COUNT(*) AS [Count]
FROM [LearningActivities] AS [l]
WHERE [l].[IsDeleted] = CAST(0 AS bit) AND [l].[UserId] = @__userId_0 AND [l].[Status] <> N'Completed'
GROUP BY [l].[Type]
[2026-07-30 20:06:45.938 +03:30 INF] [af5e4847-d128-45a5-9420-77ae7fca868a] Microsoft.EntityFrameworkCore.Database.Command: Executed DbCommand (6ms) [Parameters=[@__userId_0='?' (DbType = Guid)], CommandType='"Text"', CommandTimeout='30']
SELECT [e].[Id], [e].[CourseId], [e].[CreatedAtUtc], [e].[DeletedAtUtc], [e].[Description], [e].[ExamDateUtc], [e].[Grade], [e].[IsDeleted], [e].[RowVersion], [e].[Title], [e].[UpdatedAtUtc], [e].[UserId], [t].[Id], [t].[CreatedAtUtc], [t].[Credits], [t].[DeletedAtUtc], [t].[FinalGrade], [t].[InstructorName], [t].[IsDeleted], [t].[Name], [t].[RowVersion], [t].[Semester], [t].[UpdatedAtUtc], [t].[UserId]
FROM [Exams] AS [e]
INNER JOIN (
    SELECT [c].[Id], [c].[CreatedAtUtc], [c].[Credits], [c].[DeletedAtUtc], [c].[FinalGrade], [c].[InstructorName], [c].[IsDeleted], [c].[Name], [c].[RowVersion], [c].[Semester], [c].[UpdatedAtUtc], [c].[UserId]
    FROM [Courses] AS [c]
    WHERE [c].[IsDeleted] = CAST(0 AS bit)
) AS [t] ON [e].[CourseId] = [t].[Id]
WHERE [e].[IsDeleted] = CAST(0 AS bit) AND [e].[UserId] = @__userId_0
[2026-07-30 20:06:45.968 +03:30 INF] [af5e4847-d128-45a5-9420-77ae7fca868a] Microsoft.EntityFrameworkCore.Database.Command: Executed DbCommand (3ms) [Parameters=[@__userId_0='?' (DbType = Guid)], CommandType='"Text"', CommandTimeout='30']
SELECT [g].[Id], [g].[CreatedAtUtc], [g].[CurrentValue], [g].[DeletedAtUtc], [g].[IsDeleted], [g].[RelatedActivityId], [g].[RowVersion], [g].[TargetDateUtc], [g].[TargetValue], [g].[Type], [g].[UpdatedAtUtc], [g].[UserId]
FROM [Goals] AS [g]
WHERE [g].[IsDeleted] = CAST(0 AS bit) AND [g].[UserId] = @__userId_0
[2026-07-30 20:06:46.000 +03:30 INF] [af5e4847-d128-45a5-9420-77ae7fca868a] Microsoft.EntityFrameworkCore.Database.Command: Executed DbCommand (3ms) [Parameters=[@__userId_0='?' (DbType = Guid), @__earliestNeededUtc_1='?' (DbType = DateTime2)], CommandType='"Text"', CommandTimeout='30']
SELECT [s].[StudyDateUtc], [s].[DurationMinutes]
FROM [StudyLogs] AS [s]
WHERE [s].[IsDeleted] = CAST(0 AS bit) AND [s].[UserId] = @__userId_0 AND [s].[StudyDateUtc] >= @__earliestNeededUtc_1
[2026-07-30 20:06:46.034 +03:30 INF] [af5e4847-d128-45a5-9420-77ae7fca868a] Microsoft.EntityFrameworkCore.Database.Command: Executed DbCommand (4ms) [Parameters=[@__p_1='?' (DbType = Int32), @__userId_0='?' (DbType = Guid)], CommandType='"Text"', CommandTimeout='30']
SELECT TOP(@__p_1) [l].[Id], [l].[Title], COALESCE([l].[UpdatedAtUtc], [l].[CreatedAtUtc])
FROM [LearningActivities] AS [l]
WHERE [l].[IsDeleted] = CAST(0 AS bit) AND [l].[UserId] = @__userId_0
ORDER BY COALESCE([l].[UpdatedAtUtc], [l].[CreatedAtUtc]) DESC
[2026-07-30 20:06:46.067 +03:30 INF] [af5e4847-d128-45a5-9420-77ae7fca868a] Microsoft.EntityFrameworkCore.Database.Command: Executed DbCommand (4ms) [Parameters=[@__userId_0='?' (DbType = Guid)], CommandType='"Text"', CommandTimeout='30']
SELECT COUNT(*)
FROM [Notifications] AS [n]
WHERE [n].[IsDeleted] = CAST(0 AS bit) AND [n].[UserId] = @__userId_0 AND [n].[IsRead] = CAST(0 AS bit)
[2026-07-30 20:06:46.082 +03:30 INF] [af5e4847-d128-45a5-9420-77ae7fca868a] Microsoft.AspNetCore.Mvc.Infrastructure.ControllerActionInvoker: Executed action method StudentInsights.WebApi.Controllers.DashboardController.GetDashboardSummary (StudentInsights.WebApi), returned result Microsoft.AspNetCore.Mvc.OkObjectResult in 324.9373ms.
[2026-07-30 20:06:46.089 +03:30 INF] [af5e4847-d128-45a5-9420-77ae7fca868a] Microsoft.AspNetCore.Mvc.Infrastructure.ObjectResultExecutor: Executing OkObjectResult, writing value of type 'StudentInsights.Application.Features.Dashboard.DTOs.DashboardSummaryDto'.
[2026-07-30 20:06:46.144 +03:30 INF] [af5e4847-d128-45a5-9420-77ae7fca868a] Microsoft.AspNetCore.Mvc.Infrastructure.ControllerActionInvoker: Executed action StudentInsights.WebApi.Controllers.DashboardController.GetDashboardSummary (StudentInsights.WebApi) in 430.7547ms
[2026-07-30 20:06:46.147 +03:30 INF] [] Microsoft.AspNetCore.Hosting.Diagnostics: Request starting HTTP/2 GET https://localhost:7167/api/dashboard - null null
[2026-07-30 20:06:46.151 +03:30 INF] [af5e4847-d128-45a5-9420-77ae7fca868a] Microsoft.AspNetCore.Routing.EndpointMiddleware: Executed endpoint 'StudentInsights.WebApi.Controllers.DashboardController.GetDashboardSummary (StudentInsights.WebApi)'
[2026-07-30 20:06:46.155 +03:30 INF] [59811d03-b794-4cb6-bb78-8a0947fa88ba] Microsoft.AspNetCore.Cors.Infrastructure.CorsService: CORS policy execution successful.
[2026-07-30 20:06:46.158 +03:30 INF] [] Microsoft.AspNetCore.Hosting.Diagnostics: Request finished HTTP/2 GET https://localhost:7167/api/dashboard - 200 null application/json; charset=utf-8 580.5255ms
[2026-07-30 20:06:46.168 +03:30 INF] [59811d03-b794-4cb6-bb78-8a0947fa88ba] Microsoft.AspNetCore.Routing.EndpointMiddleware: Executing endpoint 'StudentInsights.WebApi.Controllers.DashboardController.GetDashboardSummary (StudentInsights.WebApi)'
[2026-07-30 20:06:46.174 +03:30 INF] [59811d03-b794-4cb6-bb78-8a0947fa88ba] Microsoft.AspNetCore.Mvc.Infrastructure.ControllerActionInvoker: Route matched with {action = "GetDashboardSummary", controller = "Dashboard"}. Executing controller action with signature System.Threading.Tasks.Task`1[Microsoft.AspNetCore.Mvc.ActionResult`1[StudentInsights.Application.Features.Dashboard.DTOs.DashboardSummaryDto]] GetDashboardSummary(System.Threading.CancellationToken) on controller StudentInsights.WebApi.Controllers.DashboardController (StudentInsights.WebApi).
[2026-07-30 20:06:46.213 +03:30 INF] [59811d03-b794-4cb6-bb78-8a0947fa88ba] Microsoft.AspNetCore.Mvc.Infrastructure.ControllerActionInvoker: Executing action method StudentInsights.WebApi.Controllers.DashboardController.GetDashboardSummary (StudentInsights.WebApi) - Validation state: "Valid"
[2026-07-30 20:06:46.224 +03:30 INF] [59811d03-b794-4cb6-bb78-8a0947fa88ba] Microsoft.EntityFrameworkCore.Database.Command: Executed DbCommand (2ms) [Parameters=[@__userId_0='?' (DbType = Guid)], CommandType='"Text"', CommandTimeout='30']
SELECT [c].[Id], [c].[CreatedAtUtc], [c].[Credits], [c].[DeletedAtUtc], [c].[FinalGrade], [c].[InstructorName], [c].[IsDeleted], [c].[Name], [c].[RowVersion], [c].[Semester], [c].[UpdatedAtUtc], [c].[UserId]
FROM [Courses] AS [c]
WHERE [c].[IsDeleted] = CAST(0 AS bit) AND [c].[UserId] = @__userId_0
[2026-07-30 20:06:46.237 +03:30 INF] [59811d03-b794-4cb6-bb78-8a0947fa88ba] Microsoft.EntityFrameworkCore.Database.Command: Executed DbCommand (2ms) [Parameters=[@__userId_0='?' (DbType = Guid)], CommandType='"Text"', CommandTimeout='30']
SELECT [l].[Type], COUNT(*) AS [Count]
FROM [LearningActivities] AS [l]
WHERE [l].[IsDeleted] = CAST(0 AS bit) AND [l].[UserId] = @__userId_0 AND [l].[Status] <> N'Completed'
GROUP BY [l].[Type]
[2026-07-30 20:06:46.245 +03:30 INF] [59811d03-b794-4cb6-bb78-8a0947fa88ba] Microsoft.EntityFrameworkCore.Database.Command: Executed DbCommand (2ms) [Parameters=[@__userId_0='?' (DbType = Guid)], CommandType='"Text"', CommandTimeout='30']
SELECT [e].[Id], [e].[CourseId], [e].[CreatedAtUtc], [e].[DeletedAtUtc], [e].[Description], [e].[ExamDateUtc], [e].[Grade], [e].[IsDeleted], [e].[RowVersion], [e].[Title], [e].[UpdatedAtUtc], [e].[UserId], [t].[Id], [t].[CreatedAtUtc], [t].[Credits], [t].[DeletedAtUtc], [t].[FinalGrade], [t].[InstructorName], [t].[IsDeleted], [t].[Name], [t].[RowVersion], [t].[Semester], [t].[UpdatedAtUtc], [t].[UserId]
FROM [Exams] AS [e]
INNER JOIN (
    SELECT [c].[Id], [c].[CreatedAtUtc], [c].[Credits], [c].[DeletedAtUtc], [c].[FinalGrade], [c].[InstructorName], [c].[IsDeleted], [c].[Name], [c].[RowVersion], [c].[Semester], [c].[UpdatedAtUtc], [c].[UserId]
    FROM [Courses] AS [c]
    WHERE [c].[IsDeleted] = CAST(0 AS bit)
) AS [t] ON [e].[CourseId] = [t].[Id]
WHERE [e].[IsDeleted] = CAST(0 AS bit) AND [e].[UserId] = @__userId_0
[2026-07-30 20:06:46.253 +03:30 INF] [59811d03-b794-4cb6-bb78-8a0947fa88ba] Microsoft.EntityFrameworkCore.Database.Command: Executed DbCommand (1ms) [Parameters=[@__userId_0='?' (DbType = Guid)], CommandType='"Text"', CommandTimeout='30']
SELECT [g].[Id], [g].[CreatedAtUtc], [g].[CurrentValue], [g].[DeletedAtUtc], [g].[IsDeleted], [g].[RelatedActivityId], [g].[RowVersion], [g].[TargetDateUtc], [g].[TargetValue], [g].[Type], [g].[UpdatedAtUtc], [g].[UserId]
FROM [Goals] AS [g]
WHERE [g].[IsDeleted] = CAST(0 AS bit) AND [g].[UserId] = @__userId_0
[2026-07-30 20:06:46.262 +03:30 INF] [59811d03-b794-4cb6-bb78-8a0947fa88ba] Microsoft.EntityFrameworkCore.Database.Command: Executed DbCommand (2ms) [Parameters=[@__userId_0='?' (DbType = Guid), @__earliestNeededUtc_1='?' (DbType = DateTime2)], CommandType='"Text"', CommandTimeout='30']
SELECT [s].[StudyDateUtc], [s].[DurationMinutes]
FROM [StudyLogs] AS [s]
WHERE [s].[IsDeleted] = CAST(0 AS bit) AND [s].[UserId] = @__userId_0 AND [s].[StudyDateUtc] >= @__earliestNeededUtc_1
[2026-07-30 20:06:46.272 +03:30 INF] [59811d03-b794-4cb6-bb78-8a0947fa88ba] Microsoft.EntityFrameworkCore.Database.Command: Executed DbCommand (2ms) [Parameters=[@__p_1='?' (DbType = Int32), @__userId_0='?' (DbType = Guid)], CommandType='"Text"', CommandTimeout='30']
SELECT TOP(@__p_1) [l].[Id], [l].[Title], COALESCE([l].[UpdatedAtUtc], [l].[CreatedAtUtc])
FROM [LearningActivities] AS [l]
WHERE [l].[IsDeleted] = CAST(0 AS bit) AND [l].[UserId] = @__userId_0
ORDER BY COALESCE([l].[UpdatedAtUtc], [l].[CreatedAtUtc]) DESC
[2026-07-30 20:06:46.282 +03:30 INF] [59811d03-b794-4cb6-bb78-8a0947fa88ba] Microsoft.EntityFrameworkCore.Database.Command: Executed DbCommand (2ms) [Parameters=[@__userId_0='?' (DbType = Guid)], CommandType='"Text"', CommandTimeout='30']
SELECT COUNT(*)
FROM [Notifications] AS [n]
WHERE [n].[IsDeleted] = CAST(0 AS bit) AND [n].[UserId] = @__userId_0 AND [n].[IsRead] = CAST(0 AS bit)
[2026-07-30 20:06:46.289 +03:30 INF] [59811d03-b794-4cb6-bb78-8a0947fa88ba] Microsoft.AspNetCore.Mvc.Infrastructure.ControllerActionInvoker: Executed action method StudentInsights.WebApi.Controllers.DashboardController.GetDashboardSummary (StudentInsights.WebApi), returned result Microsoft.AspNetCore.Mvc.OkObjectResult in 71.1618ms.
[2026-07-30 20:06:46.294 +03:30 INF] [59811d03-b794-4cb6-bb78-8a0947fa88ba] Microsoft.AspNetCore.Mvc.Infrastructure.ObjectResultExecutor: Executing OkObjectResult, writing value of type 'StudentInsights.Application.Features.Dashboard.DTOs.DashboardSummaryDto'.
[2026-07-30 20:06:46.299 +03:30 INF] [59811d03-b794-4cb6-bb78-8a0947fa88ba] Microsoft.AspNetCore.Mvc.Infrastructure.ControllerActionInvoker: Executed action StudentInsights.WebApi.Controllers.DashboardController.GetDashboardSummary (StudentInsights.WebApi) in 121.1506ms
[2026-07-30 20:06:46.305 +03:30 INF] [59811d03-b794-4cb6-bb78-8a0947fa88ba] Microsoft.AspNetCore.Routing.EndpointMiddleware: Executed endpoint 'StudentInsights.WebApi.Controllers.DashboardController.GetDashboardSummary (StudentInsights.WebApi)'
[2026-07-30 20:06:46.311 +03:30 INF] [] Microsoft.AspNetCore.Hosting.Diagnostics: Request finished HTTP/2 GET https://localhost:7167/api/dashboard - 200 null application/json; charset=utf-8 164.2871ms
[2026-07-30 20:07:08.051 +03:30 INF] [] Microsoft.AspNetCore.Hosting.Diagnostics: Request starting HTTP/2 OPTIONS https://localhost:7167/api/analytics/academic - null null
[2026-07-30 20:07:08.052 +03:30 INF] [] Microsoft.AspNetCore.Hosting.Diagnostics: Request starting HTTP/2 OPTIONS https://localhost:7167/api/analytics/academic - null null
[2026-07-30 20:07:08.059 +03:30 INF] [736c450a-48e8-448a-bb82-249724932137] Microsoft.AspNetCore.Cors.Infrastructure.CorsService: CORS policy execution successful.
[2026-07-30 20:07:08.069 +03:30 INF] [ac725048-b125-4ba5-9d19-79c5c222bbbf] Microsoft.AspNetCore.Cors.Infrastructure.CorsService: CORS policy execution successful.
[2026-07-30 20:07:08.069 +03:30 INF] [] Microsoft.AspNetCore.Hosting.Diagnostics: Request finished HTTP/2 OPTIONS https://localhost:7167/api/analytics/academic - 204 null null 17.7461ms
[2026-07-30 20:07:08.074 +03:30 INF] [] Microsoft.AspNetCore.Hosting.Diagnostics: Request starting HTTP/2 GET https://localhost:7167/api/analytics/academic - null null
[2026-07-30 20:07:08.074 +03:30 INF] [] Microsoft.AspNetCore.Hosting.Diagnostics: Request finished HTTP/2 OPTIONS https://localhost:7167/api/analytics/academic - 204 null null 22.3913ms
[2026-07-30 20:07:08.089 +03:30 INF] [31144d05-8fa4-426b-b3e2-2a8d0adc8b94] Microsoft.AspNetCore.Cors.Infrastructure.CorsService: CORS policy execution successful.
[2026-07-30 20:07:08.102 +03:30 INF] [31144d05-8fa4-426b-b3e2-2a8d0adc8b94] Microsoft.AspNetCore.Routing.EndpointMiddleware: Executing endpoint 'StudentInsights.WebApi.Controllers.AnalyticsController.GetAcademicAnalytics (StudentInsights.WebApi)'
[2026-07-30 20:07:08.113 +03:30 INF] [31144d05-8fa4-426b-b3e2-2a8d0adc8b94] Microsoft.AspNetCore.Mvc.Infrastructure.ControllerActionInvoker: Route matched with {action = "GetAcademicAnalytics", controller = "Analytics"}. Executing controller action with signature System.Threading.Tasks.Task`1[Microsoft.AspNetCore.Mvc.ActionResult`1[StudentInsights.Application.Features.Analytics.DTOs.AcademicAnalyticsDto]] GetAcademicAnalytics(System.Threading.CancellationToken) on controller StudentInsights.WebApi.Controllers.AnalyticsController (StudentInsights.WebApi).
[2026-07-30 20:07:08.157 +03:30 INF] [31144d05-8fa4-426b-b3e2-2a8d0adc8b94] Microsoft.AspNetCore.Mvc.Infrastructure.ControllerActionInvoker: Executing action method StudentInsights.WebApi.Controllers.AnalyticsController.GetAcademicAnalytics (StudentInsights.WebApi) - Validation state: "Valid"
[2026-07-30 20:07:08.183 +03:30 INF] [31144d05-8fa4-426b-b3e2-2a8d0adc8b94] Microsoft.EntityFrameworkCore.Database.Command: Executed DbCommand (4ms) [Parameters=[@___currentUserService_UserId_0='?' (DbType = Guid)], CommandType='"Text"', CommandTimeout='30']
SELECT [c].[Id], [c].[CreatedAtUtc], [c].[Credits], [c].[DeletedAtUtc], [c].[FinalGrade], [c].[InstructorName], [c].[IsDeleted], [c].[Name], [c].[RowVersion], [c].[Semester], [c].[UpdatedAtUtc], [c].[UserId]
FROM [Courses] AS [c]
WHERE [c].[IsDeleted] = CAST(0 AS bit) AND [c].[UserId] = @___currentUserService_UserId_0
[2026-07-30 20:07:08.201 +03:30 INF] [31144d05-8fa4-426b-b3e2-2a8d0adc8b94] Microsoft.AspNetCore.Mvc.Infrastructure.ControllerActionInvoker: Executed action method StudentInsights.WebApi.Controllers.AnalyticsController.GetAcademicAnalytics (StudentInsights.WebApi), returned result Microsoft.AspNetCore.Mvc.OkObjectResult in 39.6991ms.
[2026-07-30 20:07:08.209 +03:30 INF] [31144d05-8fa4-426b-b3e2-2a8d0adc8b94] Microsoft.AspNetCore.Mvc.Infrastructure.ObjectResultExecutor: Executing OkObjectResult, writing value of type 'StudentInsights.Application.Features.Analytics.DTOs.AcademicAnalyticsDto'.
[2026-07-30 20:07:08.222 +03:30 INF] [31144d05-8fa4-426b-b3e2-2a8d0adc8b94] Microsoft.AspNetCore.Mvc.Infrastructure.ControllerActionInvoker: Executed action StudentInsights.WebApi.Controllers.AnalyticsController.GetAcademicAnalytics (StudentInsights.WebApi) in 103.9784ms
[2026-07-30 20:07:08.226 +03:30 INF] [] Microsoft.AspNetCore.Hosting.Diagnostics: Request starting HTTP/2 GET https://localhost:7167/api/analytics/academic - null null
[2026-07-30 20:07:08.228 +03:30 INF] [31144d05-8fa4-426b-b3e2-2a8d0adc8b94] Microsoft.AspNetCore.Routing.EndpointMiddleware: Executed endpoint 'StudentInsights.WebApi.Controllers.AnalyticsController.GetAcademicAnalytics (StudentInsights.WebApi)'
[2026-07-30 20:07:08.235 +03:30 INF] [b30ff473-ca57-4546-89de-3d1fd47ccf01] Microsoft.AspNetCore.Cors.Infrastructure.CorsService: CORS policy execution successful.
[2026-07-30 20:07:08.238 +03:30 INF] [] Microsoft.AspNetCore.Hosting.Diagnostics: Request finished HTTP/2 GET https://localhost:7167/api/analytics/academic - 200 null application/json; charset=utf-8 165.4652ms
[2026-07-30 20:07:08.241 +03:30 INF] [b30ff473-ca57-4546-89de-3d1fd47ccf01] Microsoft.AspNetCore.Routing.EndpointMiddleware: Executing endpoint 'StudentInsights.WebApi.Controllers.AnalyticsController.GetAcademicAnalytics (StudentInsights.WebApi)'
[2026-07-30 20:07:08.249 +03:30 INF] [b30ff473-ca57-4546-89de-3d1fd47ccf01] Microsoft.AspNetCore.Mvc.Infrastructure.ControllerActionInvoker: Route matched with {action = "GetAcademicAnalytics", controller = "Analytics"}. Executing controller action with signature System.Threading.Tasks.Task`1[Microsoft.AspNetCore.Mvc.ActionResult`1[StudentInsights.Application.Features.Analytics.DTOs.AcademicAnalyticsDto]] GetAcademicAnalytics(System.Threading.CancellationToken) on controller StudentInsights.WebApi.Controllers.AnalyticsController (StudentInsights.WebApi).
[2026-07-30 20:07:08.282 +03:30 INF] [b30ff473-ca57-4546-89de-3d1fd47ccf01] Microsoft.AspNetCore.Mvc.Infrastructure.ControllerActionInvoker: Executing action method StudentInsights.WebApi.Controllers.AnalyticsController.GetAcademicAnalytics (StudentInsights.WebApi) - Validation state: "Valid"
[2026-07-30 20:07:08.291 +03:30 INF] [b30ff473-ca57-4546-89de-3d1fd47ccf01] Microsoft.EntityFrameworkCore.Database.Command: Executed DbCommand (2ms) [Parameters=[@___currentUserService_UserId_0='?' (DbType = Guid)], CommandType='"Text"', CommandTimeout='30']
SELECT [c].[Id], [c].[CreatedAtUtc], [c].[Credits], [c].[DeletedAtUtc], [c].[FinalGrade], [c].[InstructorName], [c].[IsDeleted], [c].[Name], [c].[RowVersion], [c].[Semester], [c].[UpdatedAtUtc], [c].[UserId]
FROM [Courses] AS [c]
WHERE [c].[IsDeleted] = CAST(0 AS bit) AND [c].[UserId] = @___currentUserService_UserId_0
[2026-07-30 20:07:08.300 +03:30 INF] [b30ff473-ca57-4546-89de-3d1fd47ccf01] Microsoft.AspNetCore.Mvc.Infrastructure.ControllerActionInvoker: Executed action method StudentInsights.WebApi.Controllers.AnalyticsController.GetAcademicAnalytics (StudentInsights.WebApi), returned result Microsoft.AspNetCore.Mvc.OkObjectResult in 13.1558ms.
[2026-07-30 20:07:08.304 +03:30 INF] [b30ff473-ca57-4546-89de-3d1fd47ccf01] Microsoft.AspNetCore.Mvc.Infrastructure.ObjectResultExecutor: Executing OkObjectResult, writing value of type 'StudentInsights.Application.Features.Analytics.DTOs.AcademicAnalyticsDto'.
[2026-07-30 20:07:08.308 +03:30 INF] [b30ff473-ca57-4546-89de-3d1fd47ccf01] Microsoft.AspNetCore.Mvc.Infrastructure.ControllerActionInvoker: Executed action StudentInsights.WebApi.Controllers.AnalyticsController.GetAcademicAnalytics (StudentInsights.WebApi) in 55.4703ms
[2026-07-30 20:07:08.312 +03:30 INF] [b30ff473-ca57-4546-89de-3d1fd47ccf01] Microsoft.AspNetCore.Routing.EndpointMiddleware: Executed endpoint 'StudentInsights.WebApi.Controllers.AnalyticsController.GetAcademicAnalytics (StudentInsights.WebApi)'
[2026-07-30 20:07:08.315 +03:30 INF] [] Microsoft.AspNetCore.Hosting.Diagnostics: Request finished HTTP/2 GET https://localhost:7167/api/analytics/academic - 200 null application/json; charset=utf-8 89.3881ms
[2026-07-30 20:07:13.941 +03:30 INF] [] Microsoft.AspNetCore.Hosting.Diagnostics: Request starting HTTP/2 OPTIONS https://localhost:7167/api/calendar?from=2026-07-30T16:37:13.938Z&to=2026-09-28T16:37:13.938Z - null null
[2026-07-30 20:07:13.942 +03:30 INF] [] Microsoft.AspNetCore.Hosting.Diagnostics: Request starting HTTP/2 OPTIONS https://localhost:7167/api/calendar?from=2026-07-30T16:37:13.939Z&to=2026-09-28T16:37:13.939Z - null null
[2026-07-30 20:07:13.950 +03:30 INF] [c4514dd8-bfff-4f3e-96ad-fd6c98d1d0b3] Microsoft.AspNetCore.Cors.Infrastructure.CorsService: CORS policy execution successful.
[2026-07-30 20:07:13.957 +03:30 INF] [07506017-19fe-49a9-a07c-38072e3845c2] Microsoft.AspNetCore.Cors.Infrastructure.CorsService: CORS policy execution successful.
[2026-07-30 20:07:13.960 +03:30 INF] [] Microsoft.AspNetCore.Hosting.Diagnostics: Request finished HTTP/2 OPTIONS https://localhost:7167/api/calendar?from=2026-07-30T16:37:13.938Z&to=2026-09-28T16:37:13.938Z - 204 null null 19.1005ms
[2026-07-30 20:07:13.963 +03:30 INF] [] Microsoft.AspNetCore.Hosting.Diagnostics: Request starting HTTP/2 GET https://localhost:7167/api/calendar?from=2026-07-30T16:37:13.938Z&to=2026-09-28T16:37:13.938Z - null null
[2026-07-30 20:07:13.964 +03:30 INF] [] Microsoft.AspNetCore.Hosting.Diagnostics: Request finished HTTP/2 OPTIONS https://localhost:7167/api/calendar?from=2026-07-30T16:37:13.939Z&to=2026-09-28T16:37:13.939Z - 204 null null 21.3825ms
[2026-07-30 20:07:13.966 +03:30 INF] [] Microsoft.AspNetCore.Hosting.Diagnostics: Request starting HTTP/2 GET https://localhost:7167/api/calendar?from=2026-07-30T16:37:13.939Z&to=2026-09-28T16:37:13.939Z - null null
[2026-07-30 20:07:13.994 +03:30 INF] [16273d0b-56c7-4a69-af38-ff4f53652100] Microsoft.AspNetCore.Cors.Infrastructure.CorsService: CORS policy execution successful.
[2026-07-30 20:07:14.006 +03:30 INF] [49fb21d3-e0e7-4f1f-ae33-a6180665474a] Microsoft.AspNetCore.Cors.Infrastructure.CorsService: CORS policy execution successful.
[2026-07-30 20:07:14.008 +03:30 INF] [16273d0b-56c7-4a69-af38-ff4f53652100] Microsoft.AspNetCore.Routing.EndpointMiddleware: Executing endpoint 'StudentInsights.WebApi.Controllers.CalendarController.GetCalendarEvents (StudentInsights.WebApi)'
[2026-07-30 20:07:14.011 +03:30 INF] [49fb21d3-e0e7-4f1f-ae33-a6180665474a] Microsoft.AspNetCore.Routing.EndpointMiddleware: Executing endpoint 'StudentInsights.WebApi.Controllers.CalendarController.GetCalendarEvents (StudentInsights.WebApi)'
[2026-07-30 20:07:14.023 +03:30 INF] [49fb21d3-e0e7-4f1f-ae33-a6180665474a] Microsoft.AspNetCore.Mvc.Infrastructure.ControllerActionInvoker: Route matched with {action = "GetCalendarEvents", controller = "Calendar"}. Executing controller action with signature System.Threading.Tasks.Task`1[Microsoft.AspNetCore.Mvc.ActionResult`1[System.Collections.Generic.IReadOnlyList`1[StudentInsights.Application.Features.Calendar.DTOs.CalendarEventDto]]] GetCalendarEvents(System.DateTime, System.DateTime, StudentInsights.Application.Features.Calendar.Enums.CalendarEventType[], System.Threading.CancellationToken) on controller StudentInsights.WebApi.Controllers.CalendarController (StudentInsights.WebApi).
[2026-07-30 20:07:14.023 +03:30 INF] [16273d0b-56c7-4a69-af38-ff4f53652100] Microsoft.AspNetCore.Mvc.Infrastructure.ControllerActionInvoker: Route matched with {action = "GetCalendarEvents", controller = "Calendar"}. Executing controller action with signature System.Threading.Tasks.Task`1[Microsoft.AspNetCore.Mvc.ActionResult`1[System.Collections.Generic.IReadOnlyList`1[StudentInsights.Application.Features.Calendar.DTOs.CalendarEventDto]]] GetCalendarEvents(System.DateTime, System.DateTime, StudentInsights.Application.Features.Calendar.Enums.CalendarEventType[], System.Threading.CancellationToken) on controller StudentInsights.WebApi.Controllers.CalendarController (StudentInsights.WebApi).
[2026-07-30 20:07:14.081 +03:30 INF] [16273d0b-56c7-4a69-af38-ff4f53652100] Microsoft.AspNetCore.Mvc.Infrastructure.ControllerActionInvoker: Executing action method StudentInsights.WebApi.Controllers.CalendarController.GetCalendarEvents (StudentInsights.WebApi) - Validation state: "Valid"
[2026-07-30 20:07:14.110 +03:30 INF] [49fb21d3-e0e7-4f1f-ae33-a6180665474a] Microsoft.AspNetCore.Mvc.Infrastructure.ControllerActionInvoker: Executing action method StudentInsights.WebApi.Controllers.CalendarController.GetCalendarEvents (StudentInsights.WebApi) - Validation state: "Valid"
[2026-07-30 20:07:14.189 +03:30 INF] [49fb21d3-e0e7-4f1f-ae33-a6180665474a] Microsoft.EntityFrameworkCore.Database.Command: Executed DbCommand (12ms) [Parameters=[@__userId_0='?' (DbType = Guid)], CommandType='"Text"', CommandTimeout='30']
SELECT [c].[Id], [c].[CourseId], [c].[CreatedAtUtc], [c].[DayOfWeek], [c].[EndTime], [c].[RowVersion], [c].[StartTime], [c].[UpdatedAtUtc], [t].[Id], [t].[CreatedAtUtc], [t].[Credits], [t].[DeletedAtUtc], [t].[FinalGrade], [t].[InstructorName], [t].[IsDeleted], [t].[Name], [t].[RowVersion], [t].[Semester], [t].[UpdatedAtUtc], [t].[UserId]
FROM [ClassSchedules] AS [c]
INNER JOIN (
    SELECT [c0].[Id], [c0].[CreatedAtUtc], [c0].[Credits], [c0].[DeletedAtUtc], [c0].[FinalGrade], [c0].[InstructorName], [c0].[IsDeleted], [c0].[Name], [c0].[RowVersion], [c0].[Semester], [c0].[UpdatedAtUtc], [c0].[UserId]
    FROM [Courses] AS [c0]
    WHERE [c0].[IsDeleted] = CAST(0 AS bit)
) AS [t] ON [c].[CourseId] = [t].[Id]
WHERE [t].[UserId] = @__userId_0
[2026-07-30 20:07:14.189 +03:30 INF] [16273d0b-56c7-4a69-af38-ff4f53652100] Microsoft.EntityFrameworkCore.Database.Command: Executed DbCommand (12ms) [Parameters=[@__userId_0='?' (DbType = Guid)], CommandType='"Text"', CommandTimeout='30']
SELECT [c].[Id], [c].[CourseId], [c].[CreatedAtUtc], [c].[DayOfWeek], [c].[EndTime], [c].[RowVersion], [c].[StartTime], [c].[UpdatedAtUtc], [t].[Id], [t].[CreatedAtUtc], [t].[Credits], [t].[DeletedAtUtc], [t].[FinalGrade], [t].[InstructorName], [t].[IsDeleted], [t].[Name], [t].[RowVersion], [t].[Semester], [t].[UpdatedAtUtc], [t].[UserId]
FROM [ClassSchedules] AS [c]
INNER JOIN (
    SELECT [c0].[Id], [c0].[CreatedAtUtc], [c0].[Credits], [c0].[DeletedAtUtc], [c0].[FinalGrade], [c0].[InstructorName], [c0].[IsDeleted], [c0].[Name], [c0].[RowVersion], [c0].[Semester], [c0].[UpdatedAtUtc], [c0].[UserId]
    FROM [Courses] AS [c0]
    WHERE [c0].[IsDeleted] = CAST(0 AS bit)
) AS [t] ON [c].[CourseId] = [t].[Id]
WHERE [t].[UserId] = @__userId_0
[2026-07-30 20:07:14.209 +03:30 INF] [49fb21d3-e0e7-4f1f-ae33-a6180665474a] Microsoft.EntityFrameworkCore.Database.Command: Executed DbCommand (4ms) [Parameters=[@__userId_0='?' (DbType = Guid), @__request_FromUtc_1='?' (DbType = DateTime2), @__request_ToUtc_2='?' (DbType = DateTime2)], CommandType='"Text"', CommandTimeout='30']
SELECT [e].[Id], [e].[CourseId], [e].[CreatedAtUtc], [e].[DeletedAtUtc], [e].[Description], [e].[ExamDateUtc], [e].[Grade], [e].[IsDeleted], [e].[RowVersion], [e].[Title], [e].[UpdatedAtUtc], [e].[UserId]
FROM [Exams] AS [e]
WHERE [e].[IsDeleted] = CAST(0 AS bit) AND [e].[UserId] = @__userId_0 AND [e].[ExamDateUtc] >= @__request_FromUtc_1 AND [e].[ExamDateUtc] <= @__request_ToUtc_2
[2026-07-30 20:07:14.209 +03:30 INF] [16273d0b-56c7-4a69-af38-ff4f53652100] Microsoft.EntityFrameworkCore.Database.Command: Executed DbCommand (4ms) [Parameters=[@__userId_0='?' (DbType = Guid), @__request_FromUtc_1='?' (DbType = DateTime2), @__request_ToUtc_2='?' (DbType = DateTime2)], CommandType='"Text"', CommandTimeout='30']
SELECT [e].[Id], [e].[CourseId], [e].[CreatedAtUtc], [e].[DeletedAtUtc], [e].[Description], [e].[ExamDateUtc], [e].[Grade], [e].[IsDeleted], [e].[RowVersion], [e].[Title], [e].[UpdatedAtUtc], [e].[UserId]
FROM [Exams] AS [e]
WHERE [e].[IsDeleted] = CAST(0 AS bit) AND [e].[UserId] = @__userId_0 AND [e].[ExamDateUtc] >= @__request_FromUtc_1 AND [e].[ExamDateUtc] <= @__request_ToUtc_2
[2026-07-30 20:07:14.232 +03:30 INF] [49fb21d3-e0e7-4f1f-ae33-a6180665474a] Microsoft.EntityFrameworkCore.Database.Command: Executed DbCommand (5ms) [Parameters=[@__userId_0='?' (DbType = Guid), @__request_FromUtc_1='?' (DbType = DateTime2), @__request_ToUtc_2='?' (DbType = DateTime2)], CommandType='"Text"', CommandTimeout='30']
SELECT [l].[Id], [l].[CompletedAtUtc], [l].[CourseId], [l].[CreatedAtUtc], [l].[DeletedAtUtc], [l].[Description], [l].[DueDateUtc], [l].[IsDeleted], [l].[LastCompletedAtUtc], [l].[Priority], [l].[ResourceLink], [l].[RowVersion], [l].[Status], [l].[Title], [l].[Type], [l].[UpdatedAtUtc], [l].[UserId]
FROM [LearningActivities] AS [l]
WHERE [l].[IsDeleted] = CAST(0 AS bit) AND [l].[UserId] = @__userId_0 AND [l].[DueDateUtc] >= @__request_FromUtc_1 AND [l].[DueDateUtc] <= @__request_ToUtc_2
[2026-07-30 20:07:14.232 +03:30 INF] [16273d0b-56c7-4a69-af38-ff4f53652100] Microsoft.EntityFrameworkCore.Database.Command: Executed DbCommand (5ms) [Parameters=[@__userId_0='?' (DbType = Guid), @__request_FromUtc_1='?' (DbType = DateTime2), @__request_ToUtc_2='?' (DbType = DateTime2)], CommandType='"Text"', CommandTimeout='30']
SELECT [l].[Id], [l].[CompletedAtUtc], [l].[CourseId], [l].[CreatedAtUtc], [l].[DeletedAtUtc], [l].[Description], [l].[DueDateUtc], [l].[IsDeleted], [l].[LastCompletedAtUtc], [l].[Priority], [l].[ResourceLink], [l].[RowVersion], [l].[Status], [l].[Title], [l].[Type], [l].[UpdatedAtUtc], [l].[UserId]
FROM [LearningActivities] AS [l]
WHERE [l].[IsDeleted] = CAST(0 AS bit) AND [l].[UserId] = @__userId_0 AND [l].[DueDateUtc] >= @__request_FromUtc_1 AND [l].[DueDateUtc] <= @__request_ToUtc_2
[2026-07-30 20:07:14.253 +03:30 INF] [16273d0b-56c7-4a69-af38-ff4f53652100] Microsoft.EntityFrameworkCore.Database.Command: Executed DbCommand (5ms) [Parameters=[@__userId_0='?' (DbType = Guid), @__request_FromUtc_1='?' (DbType = DateTime2), @__request_ToUtc_2='?' (DbType = DateTime2)], CommandType='"Text"', CommandTimeout='30']
SELECT [g].[Id], [g].[CreatedAtUtc], [g].[CurrentValue], [g].[DeletedAtUtc], [g].[IsDeleted], [g].[RelatedActivityId], [g].[RowVersion], [g].[TargetDateUtc], [g].[TargetValue], [g].[Type], [g].[UpdatedAtUtc], [g].[UserId]
FROM [Goals] AS [g]
WHERE [g].[IsDeleted] = CAST(0 AS bit) AND [g].[UserId] = @__userId_0 AND [g].[TargetDateUtc] IS NOT NULL AND [g].[TargetDateUtc] >= @__request_FromUtc_1 AND [g].[TargetDateUtc] <= @__request_ToUtc_2
[2026-07-30 20:07:14.253 +03:30 INF] [49fb21d3-e0e7-4f1f-ae33-a6180665474a] Microsoft.EntityFrameworkCore.Database.Command: Executed DbCommand (5ms) [Parameters=[@__userId_0='?' (DbType = Guid), @__request_FromUtc_1='?' (DbType = DateTime2), @__request_ToUtc_2='?' (DbType = DateTime2)], CommandType='"Text"', CommandTimeout='30']
SELECT [g].[Id], [g].[CreatedAtUtc], [g].[CurrentValue], [g].[DeletedAtUtc], [g].[IsDeleted], [g].[RelatedActivityId], [g].[RowVersion], [g].[TargetDateUtc], [g].[TargetValue], [g].[Type], [g].[UpdatedAtUtc], [g].[UserId]
FROM [Goals] AS [g]
WHERE [g].[IsDeleted] = CAST(0 AS bit) AND [g].[UserId] = @__userId_0 AND [g].[TargetDateUtc] IS NOT NULL AND [g].[TargetDateUtc] >= @__request_FromUtc_1 AND [g].[TargetDateUtc] <= @__request_ToUtc_2
[2026-07-30 20:07:14.277 +03:30 INF] [16273d0b-56c7-4a69-af38-ff4f53652100] Microsoft.EntityFrameworkCore.Database.Command: Executed DbCommand (5ms) [Parameters=[@__userId_0='?' (DbType = Guid), @__request_ToUtc_1='?' (DbType = DateTime2), @__request_FromUtc_2='?' (DbType = DateTime2)], CommandType='"Text"', CommandTimeout='30']
SELECT [p].[Id], [p].[CreatedAtUtc], [p].[DeletedAtUtc], [p].[Description], [p].[EndAtUtc], [p].[IsAllDay], [p].[IsDeleted], [p].[RowVersion], [p].[StartAtUtc], [p].[Title], [p].[UpdatedAtUtc], [p].[UserId]
FROM [PersonalEvents] AS [p]
WHERE [p].[IsDeleted] = CAST(0 AS bit) AND [p].[UserId] = @__userId_0 AND [p].[StartAtUtc] <= @__request_ToUtc_1 AND [p].[EndAtUtc] >= @__request_FromUtc_2
[2026-07-30 20:07:14.281 +03:30 INF] [49fb21d3-e0e7-4f1f-ae33-a6180665474a] Microsoft.EntityFrameworkCore.Database.Command: Executed DbCommand (10ms) [Parameters=[@__userId_0='?' (DbType = Guid), @__request_ToUtc_1='?' (DbType = DateTime2), @__request_FromUtc_2='?' (DbType = DateTime2)], CommandType='"Text"', CommandTimeout='30']
SELECT [p].[Id], [p].[CreatedAtUtc], [p].[DeletedAtUtc], [p].[Description], [p].[EndAtUtc], [p].[IsAllDay], [p].[IsDeleted], [p].[RowVersion], [p].[StartAtUtc], [p].[Title], [p].[UpdatedAtUtc], [p].[UserId]
FROM [PersonalEvents] AS [p]
WHERE [p].[IsDeleted] = CAST(0 AS bit) AND [p].[UserId] = @__userId_0 AND [p].[StartAtUtc] <= @__request_ToUtc_1 AND [p].[EndAtUtc] >= @__request_FromUtc_2
[2026-07-30 20:07:14.289 +03:30 INF] [16273d0b-56c7-4a69-af38-ff4f53652100] Microsoft.AspNetCore.Mvc.Infrastructure.ControllerActionInvoker: Executed action method StudentInsights.WebApi.Controllers.CalendarController.GetCalendarEvents (StudentInsights.WebApi), returned result Microsoft.AspNetCore.Mvc.OkObjectResult in 176.2645ms.
[2026-07-30 20:07:14.294 +03:30 INF] [49fb21d3-e0e7-4f1f-ae33-a6180665474a] Microsoft.AspNetCore.Mvc.Infrastructure.ControllerActionInvoker: Executed action method StudentInsights.WebApi.Controllers.CalendarController.GetCalendarEvents (StudentInsights.WebApi), returned result Microsoft.AspNetCore.Mvc.OkObjectResult in 177.4779ms.
[2026-07-30 20:07:14.299 +03:30 INF] [16273d0b-56c7-4a69-af38-ff4f53652100] Microsoft.AspNetCore.Mvc.Infrastructure.ObjectResultExecutor: Executing OkObjectResult, writing value of type 'System.Collections.Generic.List`1[[StudentInsights.Application.Features.Calendar.DTOs.CalendarEventDto, StudentInsights.Application, Version=1.0.0.0, Culture=neutral, PublicKeyToken=null]]'.
[2026-07-30 20:07:14.302 +03:30 INF] [49fb21d3-e0e7-4f1f-ae33-a6180665474a] Microsoft.AspNetCore.Mvc.Infrastructure.ObjectResultExecutor: Executing OkObjectResult, writing value of type 'System.Collections.Generic.List`1[[StudentInsights.Application.Features.Calendar.DTOs.CalendarEventDto, StudentInsights.Application, Version=1.0.0.0, Culture=neutral, PublicKeyToken=null]]'.
[2026-07-30 20:07:14.325 +03:30 INF] [49fb21d3-e0e7-4f1f-ae33-a6180665474a] Microsoft.AspNetCore.Mvc.Infrastructure.ControllerActionInvoker: Executed action StudentInsights.WebApi.Controllers.CalendarController.GetCalendarEvents (StudentInsights.WebApi) in 294.8162ms
[2026-07-30 20:07:14.325 +03:30 INF] [16273d0b-56c7-4a69-af38-ff4f53652100] Microsoft.AspNetCore.Mvc.Infrastructure.ControllerActionInvoker: Executed action StudentInsights.WebApi.Controllers.CalendarController.GetCalendarEvents (StudentInsights.WebApi) in 290.7388ms
[2026-07-30 20:07:14.333 +03:30 INF] [49fb21d3-e0e7-4f1f-ae33-a6180665474a] Microsoft.AspNetCore.Routing.EndpointMiddleware: Executed endpoint 'StudentInsights.WebApi.Controllers.CalendarController.GetCalendarEvents (StudentInsights.WebApi)'
[2026-07-30 20:07:14.338 +03:30 INF] [16273d0b-56c7-4a69-af38-ff4f53652100] Microsoft.AspNetCore.Routing.EndpointMiddleware: Executed endpoint 'StudentInsights.WebApi.Controllers.CalendarController.GetCalendarEvents (StudentInsights.WebApi)'
[2026-07-30 20:07:14.341 +03:30 INF] [] Microsoft.AspNetCore.Hosting.Diagnostics: Request finished HTTP/2 GET https://localhost:7167/api/calendar?from=2026-07-30T16:37:13.939Z&to=2026-09-28T16:37:13.939Z - 200 null application/json; charset=utf-8 374.958ms
[2026-07-30 20:07:14.344 +03:30 INF] [] Microsoft.AspNetCore.Hosting.Diagnostics: Request finished HTTP/2 GET https://localhost:7167/api/calendar?from=2026-07-30T16:37:13.938Z&to=2026-09-28T16:37:13.938Z - 200 null application/json; charset=utf-8 382.1262ms
[2026-07-30 20:07:21.930 +03:30 INF] [] Microsoft.AspNetCore.Hosting.Diagnostics: Request starting HTTP/2 OPTIONS https://localhost:7167/api/goals?pageNumber=1&pageSize=50 - null null
[2026-07-30 20:07:21.932 +03:30 INF] [] Microsoft.AspNetCore.Hosting.Diagnostics: Request starting HTTP/2 OPTIONS https://localhost:7167/api/goals?pageNumber=1&pageSize=50 - null null
[2026-07-30 20:07:21.940 +03:30 INF] [ca3a7e6f-4bf0-45f5-b748-0dcab7314a06] Microsoft.AspNetCore.Cors.Infrastructure.CorsService: CORS policy execution successful.
[2026-07-30 20:07:21.946 +03:30 INF] [1c3352a2-2021-447f-afaa-d6d1679d467e] Microsoft.AspNetCore.Cors.Infrastructure.CorsService: CORS policy execution successful.
[2026-07-30 20:07:21.948 +03:30 INF] [] Microsoft.AspNetCore.Hosting.Diagnostics: Request finished HTTP/2 OPTIONS https://localhost:7167/api/goals?pageNumber=1&pageSize=50 - 204 null null 18.4854ms
[2026-07-30 20:07:21.950 +03:30 INF] [] Microsoft.AspNetCore.Hosting.Diagnostics: Request starting HTTP/2 GET https://localhost:7167/api/goals?pageNumber=1&pageSize=50 - null null
[2026-07-30 20:07:21.951 +03:30 INF] [] Microsoft.AspNetCore.Hosting.Diagnostics: Request finished HTTP/2 OPTIONS https://localhost:7167/api/goals?pageNumber=1&pageSize=50 - 204 null null 20.1652ms
[2026-07-30 20:07:21.982 +03:30 INF] [9a68b18d-b6c3-4b0b-ad32-a3c631daf3bc] Microsoft.AspNetCore.Cors.Infrastructure.CorsService: CORS policy execution successful.
[2026-07-30 20:07:21.995 +03:30 INF] [9a68b18d-b6c3-4b0b-ad32-a3c631daf3bc] Microsoft.AspNetCore.Routing.EndpointMiddleware: Executing endpoint 'StudentInsights.WebApi.Controllers.GoalsController.GetGoals (StudentInsights.WebApi)'
[2026-07-30 20:07:22.006 +03:30 INF] [9a68b18d-b6c3-4b0b-ad32-a3c631daf3bc] Microsoft.AspNetCore.Mvc.Infrastructure.ControllerActionInvoker: Route matched with {action = "GetGoals", controller = "Goals"}. Executing controller action with signature System.Threading.Tasks.Task`1[Microsoft.AspNetCore.Mvc.ActionResult`1[StudentInsights.Application.Common.Models.PaginatedResult`1[StudentInsights.Application.Features.Goals.DTOs.GoalDto]]] GetGoals(StudentInsights.Application.Common.Models.PaginationParams, System.Threading.CancellationToken) on controller StudentInsights.WebApi.Controllers.GoalsController (StudentInsights.WebApi).
[2026-07-30 20:07:22.045 +03:30 INF] [9a68b18d-b6c3-4b0b-ad32-a3c631daf3bc] Microsoft.AspNetCore.Mvc.Infrastructure.ControllerActionInvoker: Executing action method StudentInsights.WebApi.Controllers.GoalsController.GetGoals (StudentInsights.WebApi) - Validation state: "Valid"
[2026-07-30 20:07:22.066 +03:30 INF] [9a68b18d-b6c3-4b0b-ad32-a3c631daf3bc] Microsoft.EntityFrameworkCore.Database.Command: Executed DbCommand (4ms) [Parameters=[@___currentUserService_UserId_0='?' (DbType = Guid)], CommandType='"Text"', CommandTimeout='30']
SELECT COUNT(*)
FROM [Goals] AS [g]
WHERE [g].[IsDeleted] = CAST(0 AS bit) AND [g].[UserId] = @___currentUserService_UserId_0
[2026-07-30 20:07:22.082 +03:30 INF] [9a68b18d-b6c3-4b0b-ad32-a3c631daf3bc] Microsoft.EntityFrameworkCore.Database.Command: Executed DbCommand (3ms) [Parameters=[@___currentUserService_UserId_0='?' (DbType = Guid), @__p_1='?' (DbType = Int32), @__p_2='?' (DbType = Int32)], CommandType='"Text"', CommandTimeout='30']
SELECT [g].[Id], [g].[CreatedAtUtc], [g].[CurrentValue], [g].[DeletedAtUtc], [g].[IsDeleted], [g].[RelatedActivityId], [g].[RowVersion], [g].[TargetDateUtc], [g].[TargetValue], [g].[Type], [g].[UpdatedAtUtc], [g].[UserId]
FROM [Goals] AS [g]
WHERE [g].[IsDeleted] = CAST(0 AS bit) AND [g].[UserId] = @___currentUserService_UserId_0
ORDER BY [g].[CreatedAtUtc] DESC
OFFSET @__p_1 ROWS FETCH NEXT @__p_2 ROWS ONLY
[2026-07-30 20:07:22.092 +03:30 INF] [9a68b18d-b6c3-4b0b-ad32-a3c631daf3bc] Microsoft.AspNetCore.Mvc.Infrastructure.ControllerActionInvoker: Executed action method StudentInsights.WebApi.Controllers.GoalsController.GetGoals (StudentInsights.WebApi), returned result Microsoft.AspNetCore.Mvc.OkObjectResult in 40.8155ms.
[2026-07-30 20:07:22.097 +03:30 INF] [9a68b18d-b6c3-4b0b-ad32-a3c631daf3bc] Microsoft.AspNetCore.Mvc.Infrastructure.ObjectResultExecutor: Executing OkObjectResult, writing value of type 'StudentInsights.Application.Common.Models.PaginatedResult`1[[StudentInsights.Application.Features.Goals.DTOs.GoalDto, StudentInsights.Application, Version=1.0.0.0, Culture=neutral, PublicKeyToken=null]]'.
[2026-07-30 20:07:22.103 +03:30 INF] [9a68b18d-b6c3-4b0b-ad32-a3c631daf3bc] Microsoft.AspNetCore.Mvc.Infrastructure.ControllerActionInvoker: Executed action StudentInsights.WebApi.Controllers.GoalsController.GetGoals (StudentInsights.WebApi) in 92.5768ms
[2026-07-30 20:07:22.106 +03:30 INF] [] Microsoft.AspNetCore.Hosting.Diagnostics: Request starting HTTP/2 GET https://localhost:7167/api/goals?pageNumber=1&pageSize=50 - null null
[2026-07-30 20:07:22.109 +03:30 INF] [9a68b18d-b6c3-4b0b-ad32-a3c631daf3bc] Microsoft.AspNetCore.Routing.EndpointMiddleware: Executed endpoint 'StudentInsights.WebApi.Controllers.GoalsController.GetGoals (StudentInsights.WebApi)'
[2026-07-30 20:07:22.114 +03:30 INF] [2cdfc7f7-56d1-4c14-afd9-94996cae50bd] Microsoft.AspNetCore.Cors.Infrastructure.CorsService: CORS policy execution successful.
[2026-07-30 20:07:22.118 +03:30 INF] [] Microsoft.AspNetCore.Hosting.Diagnostics: Request finished HTTP/2 GET https://localhost:7167/api/goals?pageNumber=1&pageSize=50 - 200 null application/json; charset=utf-8 168.4558ms
[2026-07-30 20:07:22.123 +03:30 INF] [2cdfc7f7-56d1-4c14-afd9-94996cae50bd] Microsoft.AspNetCore.Routing.EndpointMiddleware: Executing endpoint 'StudentInsights.WebApi.Controllers.GoalsController.GetGoals (StudentInsights.WebApi)'
[2026-07-30 20:07:22.126 +03:30 INF] [] Microsoft.AspNetCore.Hosting.Diagnostics: Request starting HTTP/2 OPTIONS https://localhost:7167/api/learning-activities?type=1&pageNumber=1&pageSize=100 - null null
[2026-07-30 20:07:22.135 +03:30 INF] [2cdfc7f7-56d1-4c14-afd9-94996cae50bd] Microsoft.AspNetCore.Mvc.Infrastructure.ControllerActionInvoker: Route matched with {action = "GetGoals", controller = "Goals"}. Executing controller action with signature System.Threading.Tasks.Task`1[Microsoft.AspNetCore.Mvc.ActionResult`1[StudentInsights.Application.Common.Models.PaginatedResult`1[StudentInsights.Application.Features.Goals.DTOs.GoalDto]]] GetGoals(StudentInsights.Application.Common.Models.PaginationParams, System.Threading.CancellationToken) on controller StudentInsights.WebApi.Controllers.GoalsController (StudentInsights.WebApi).
[2026-07-30 20:07:22.141 +03:30 INF] [a0219b08-d2c9-4789-9aa8-a265f2d2c800] Microsoft.AspNetCore.Cors.Infrastructure.CorsService: CORS policy execution successful.
[2026-07-30 20:07:22.175 +03:30 INF] [2cdfc7f7-56d1-4c14-afd9-94996cae50bd] Microsoft.AspNetCore.Mvc.Infrastructure.ControllerActionInvoker: Executing action method StudentInsights.WebApi.Controllers.GoalsController.GetGoals (StudentInsights.WebApi) - Validation state: "Valid"
[2026-07-30 20:07:22.175 +03:30 INF] [] Microsoft.AspNetCore.Hosting.Diagnostics: Request finished HTTP/2 OPTIONS https://localhost:7167/api/learning-activities?type=1&pageNumber=1&pageSize=100 - 204 null null 49.5289ms
[2026-07-30 20:07:22.185 +03:30 INF] [2cdfc7f7-56d1-4c14-afd9-94996cae50bd] Microsoft.EntityFrameworkCore.Database.Command: Executed DbCommand (3ms) [Parameters=[@___currentUserService_UserId_0='?' (DbType = Guid)], CommandType='"Text"', CommandTimeout='30']
SELECT COUNT(*)
FROM [Goals] AS [g]
WHERE [g].[IsDeleted] = CAST(0 AS bit) AND [g].[UserId] = @___currentUserService_UserId_0
[2026-07-30 20:07:22.177 +03:30 INF] [] Microsoft.AspNetCore.Hosting.Diagnostics: Request starting HTTP/2 GET https://localhost:7167/api/learning-activities?type=1&pageNumber=1&pageSize=100 - null null
[2026-07-30 20:07:22.202 +03:30 INF] [2cdfc7f7-56d1-4c14-afd9-94996cae50bd] Microsoft.EntityFrameworkCore.Database.Command: Executed DbCommand (2ms) [Parameters=[@___currentUserService_UserId_0='?' (DbType = Guid), @__p_1='?' (DbType = Int32), @__p_2='?' (DbType = Int32)], CommandType='"Text"', CommandTimeout='30']
SELECT [g].[Id], [g].[CreatedAtUtc], [g].[CurrentValue], [g].[DeletedAtUtc], [g].[IsDeleted], [g].[RelatedActivityId], [g].[RowVersion], [g].[TargetDateUtc], [g].[TargetValue], [g].[Type], [g].[UpdatedAtUtc], [g].[UserId]
FROM [Goals] AS [g]
WHERE [g].[IsDeleted] = CAST(0 AS bit) AND [g].[UserId] = @___currentUserService_UserId_0
ORDER BY [g].[CreatedAtUtc] DESC
OFFSET @__p_1 ROWS FETCH NEXT @__p_2 ROWS ONLY
[2026-07-30 20:07:22.209 +03:30 INF] [6e92cb16-57cc-40a5-bea8-16ca34c40f56] Microsoft.AspNetCore.Cors.Infrastructure.CorsService: CORS policy execution successful.
[2026-07-30 20:07:22.216 +03:30 INF] [2cdfc7f7-56d1-4c14-afd9-94996cae50bd] Microsoft.AspNetCore.Mvc.Infrastructure.ControllerActionInvoker: Executed action method StudentInsights.WebApi.Controllers.GoalsController.GetGoals (StudentInsights.WebApi), returned result Microsoft.AspNetCore.Mvc.OkObjectResult in 35.5624ms.
[2026-07-30 20:07:22.220 +03:30 INF] [6e92cb16-57cc-40a5-bea8-16ca34c40f56] Microsoft.AspNetCore.Routing.EndpointMiddleware: Executing endpoint 'StudentInsights.WebApi.Controllers.LearningActivitiesController.GetLearningActivities (StudentInsights.WebApi)'
[2026-07-30 20:07:22.226 +03:30 INF] [2cdfc7f7-56d1-4c14-afd9-94996cae50bd] Microsoft.AspNetCore.Mvc.Infrastructure.ObjectResultExecutor: Executing OkObjectResult, writing value of type 'StudentInsights.Application.Common.Models.PaginatedResult`1[[StudentInsights.Application.Features.Goals.DTOs.GoalDto, StudentInsights.Application, Version=1.0.0.0, Culture=neutral, PublicKeyToken=null]]'.
[2026-07-30 20:07:22.235 +03:30 INF] [2cdfc7f7-56d1-4c14-afd9-94996cae50bd] Microsoft.AspNetCore.Mvc.Infrastructure.ControllerActionInvoker: Executed action StudentInsights.WebApi.Controllers.GoalsController.GetGoals (StudentInsights.WebApi) in 90.042ms
[2026-07-30 20:07:22.235 +03:30 INF] [6e92cb16-57cc-40a5-bea8-16ca34c40f56] Microsoft.AspNetCore.Mvc.Infrastructure.ControllerActionInvoker: Route matched with {action = "GetLearningActivities", controller = "LearningActivities"}. Executing controller action with signature System.Threading.Tasks.Task`1[Microsoft.AspNetCore.Mvc.ActionResult`1[StudentInsights.Application.Common.Models.PaginatedResult`1[StudentInsights.Application.Features.LearningActivities.DTOs.LearningActivityDto]]] GetLearningActivities(System.Nullable`1[System.Guid], System.String, System.Nullable`1[StudentInsights.Domain.Enums.ActivityStatus], System.Nullable`1[StudentInsights.Domain.Enums.ActivityType], StudentInsights.Application.Common.Models.PaginationParams, System.Threading.CancellationToken) on controller StudentInsights.WebApi.Controllers.LearningActivitiesController (StudentInsights.WebApi).
[2026-07-30 20:07:22.240 +03:30 INF] [2cdfc7f7-56d1-4c14-afd9-94996cae50bd] Microsoft.AspNetCore.Routing.EndpointMiddleware: Executed endpoint 'StudentInsights.WebApi.Controllers.GoalsController.GetGoals (StudentInsights.WebApi)'
[2026-07-30 20:07:22.273 +03:30 INF] [6e92cb16-57cc-40a5-bea8-16ca34c40f56] Microsoft.AspNetCore.Mvc.Infrastructure.ControllerActionInvoker: Executing action method StudentInsights.WebApi.Controllers.LearningActivitiesController.GetLearningActivities (StudentInsights.WebApi) - Validation state: "Valid"
[2026-07-30 20:07:22.273 +03:30 INF] [] Microsoft.AspNetCore.Hosting.Diagnostics: Request finished HTTP/2 GET https://localhost:7167/api/goals?pageNumber=1&pageSize=50 - 200 null application/json; charset=utf-8 167.4491ms
[2026-07-30 20:07:22.297 +03:30 INF] [6e92cb16-57cc-40a5-bea8-16ca34c40f56] Microsoft.EntityFrameworkCore.Database.Command: Executed DbCommand (4ms) [Parameters=[@___currentUserService_UserId_0='?' (DbType = Guid), @__request_Type_1='?' (Size = 20)], CommandType='"Text"', CommandTimeout='30']
SELECT COUNT(*)
FROM [LearningActivities] AS [l]
WHERE [l].[IsDeleted] = CAST(0 AS bit) AND [l].[UserId] = @___currentUserService_UserId_0 AND [l].[Type] = @__request_Type_1
[2026-07-30 20:07:22.326 +03:30 INF] [6e92cb16-57cc-40a5-bea8-16ca34c40f56] Microsoft.EntityFrameworkCore.Database.Command: Executed DbCommand (11ms) [Parameters=[@___currentUserService_UserId_0='?' (DbType = Guid), @__request_Type_1='?' (Size = 20), @__p_2='?' (DbType = Int32), @__p_3='?' (DbType = Int32)], CommandType='"Text"', CommandTimeout='30']
SELECT [t].[Id], [t].[CourseId], [t0].[Name], [t].[Title], [t].[Type], [t].[DueDateUtc], [t].[Priority], [t].[Status], [t].[Description], [t].[ResourceLink], [t].[CompletedAtUtc], [t].[CreatedAtUtc], [t].[UpdatedAtUtc]
FROM (
    SELECT [l].[Id], [l].[CompletedAtUtc], [l].[CourseId], [l].[CreatedAtUtc], [l].[Description], [l].[DueDateUtc], [l].[Priority], [l].[ResourceLink], [l].[Status], [l].[Title], [l].[Type], [l].[UpdatedAtUtc]
    FROM [LearningActivities] AS [l]
    WHERE [l].[IsDeleted] = CAST(0 AS bit) AND [l].[UserId] = @___currentUserService_UserId_0 AND [l].[Type] = @__request_Type_1
    ORDER BY [l].[DueDateUtc]
    OFFSET @__p_2 ROWS FETCH NEXT @__p_3 ROWS ONLY
) AS [t]
INNER JOIN (
    SELECT [c].[Id], [c].[Name]
    FROM [Courses] AS [c]
    WHERE [c].[IsDeleted] = CAST(0 AS bit)
) AS [t0] ON [t].[CourseId] = [t0].[Id]
ORDER BY [t].[DueDateUtc]
[2026-07-30 20:07:22.335 +03:30 INF] [6e92cb16-57cc-40a5-bea8-16ca34c40f56] Microsoft.AspNetCore.Mvc.Infrastructure.ControllerActionInvoker: Executed action method StudentInsights.WebApi.Controllers.LearningActivitiesController.GetLearningActivities (StudentInsights.WebApi), returned result Microsoft.AspNetCore.Mvc.OkObjectResult in 56.7816ms.
[2026-07-30 20:07:22.339 +03:30 INF] [6e92cb16-57cc-40a5-bea8-16ca34c40f56] Microsoft.AspNetCore.Mvc.Infrastructure.ObjectResultExecutor: Executing OkObjectResult, writing value of type 'StudentInsights.Application.Common.Models.PaginatedResult`1[[StudentInsights.Application.Features.LearningActivities.DTOs.LearningActivityDto, StudentInsights.Application, Version=1.0.0.0, Culture=neutral, PublicKeyToken=null]]'.
[2026-07-30 20:07:22.358 +03:30 INF] [6e92cb16-57cc-40a5-bea8-16ca34c40f56] Microsoft.AspNetCore.Mvc.Infrastructure.ControllerActionInvoker: Executed action StudentInsights.WebApi.Controllers.LearningActivitiesController.GetLearningActivities (StudentInsights.WebApi) in 113.7934ms
[2026-07-30 20:07:22.360 +03:30 INF] [] Microsoft.AspNetCore.Hosting.Diagnostics: Request starting HTTP/2 GET https://localhost:7167/api/learning-activities?type=1&pageNumber=1&pageSize=100 - null null
[2026-07-30 20:07:22.363 +03:30 INF] [6e92cb16-57cc-40a5-bea8-16ca34c40f56] Microsoft.AspNetCore.Routing.EndpointMiddleware: Executed endpoint 'StudentInsights.WebApi.Controllers.LearningActivitiesController.GetLearningActivities (StudentInsights.WebApi)'
[2026-07-30 20:07:22.370 +03:30 INF] [0d53751d-e4fa-422e-a938-0e802bf9c744] Microsoft.AspNetCore.Cors.Infrastructure.CorsService: CORS policy execution successful.
[2026-07-30 20:07:22.374 +03:30 INF] [] Microsoft.AspNetCore.Hosting.Diagnostics: Request finished HTTP/2 GET https://localhost:7167/api/learning-activities?type=1&pageNumber=1&pageSize=100 - 200 null application/json; charset=utf-8 197.0185ms
[2026-07-30 20:07:22.377 +03:30 INF] [0d53751d-e4fa-422e-a938-0e802bf9c744] Microsoft.AspNetCore.Routing.EndpointMiddleware: Executing endpoint 'StudentInsights.WebApi.Controllers.LearningActivitiesController.GetLearningActivities (StudentInsights.WebApi)'
[2026-07-30 20:07:22.385 +03:30 INF] [0d53751d-e4fa-422e-a938-0e802bf9c744] Microsoft.AspNetCore.Mvc.Infrastructure.ControllerActionInvoker: Route matched with {action = "GetLearningActivities", controller = "LearningActivities"}. Executing controller action with signature System.Threading.Tasks.Task`1[Microsoft.AspNetCore.Mvc.ActionResult`1[StudentInsights.Application.Common.Models.PaginatedResult`1[StudentInsights.Application.Features.LearningActivities.DTOs.LearningActivityDto]]] GetLearningActivities(System.Nullable`1[System.Guid], System.String, System.Nullable`1[StudentInsights.Domain.Enums.ActivityStatus], System.Nullable`1[StudentInsights.Domain.Enums.ActivityType], StudentInsights.Application.Common.Models.PaginationParams, System.Threading.CancellationToken) on controller StudentInsights.WebApi.Controllers.LearningActivitiesController (StudentInsights.WebApi).
[2026-07-30 20:07:22.425 +03:30 INF] [0d53751d-e4fa-422e-a938-0e802bf9c744] Microsoft.AspNetCore.Mvc.Infrastructure.ControllerActionInvoker: Executing action method StudentInsights.WebApi.Controllers.LearningActivitiesController.GetLearningActivities (StudentInsights.WebApi) - Validation state: "Valid"
[2026-07-30 20:07:22.435 +03:30 INF] [0d53751d-e4fa-422e-a938-0e802bf9c744] Microsoft.EntityFrameworkCore.Database.Command: Executed DbCommand (3ms) [Parameters=[@___currentUserService_UserId_0='?' (DbType = Guid), @__request_Type_1='?' (Size = 20)], CommandType='"Text"', CommandTimeout='30']
SELECT COUNT(*)
FROM [LearningActivities] AS [l]
WHERE [l].[IsDeleted] = CAST(0 AS bit) AND [l].[UserId] = @___currentUserService_UserId_0 AND [l].[Type] = @__request_Type_1
[2026-07-30 20:07:22.446 +03:30 INF] [0d53751d-e4fa-422e-a938-0e802bf9c744] Microsoft.EntityFrameworkCore.Database.Command: Executed DbCommand (1ms) [Parameters=[@___currentUserService_UserId_0='?' (DbType = Guid), @__request_Type_1='?' (Size = 20), @__p_2='?' (DbType = Int32), @__p_3='?' (DbType = Int32)], CommandType='"Text"', CommandTimeout='30']
SELECT [t].[Id], [t].[CourseId], [t0].[Name], [t].[Title], [t].[Type], [t].[DueDateUtc], [t].[Priority], [t].[Status], [t].[Description], [t].[ResourceLink], [t].[CompletedAtUtc], [t].[CreatedAtUtc], [t].[UpdatedAtUtc]
FROM (
    SELECT [l].[Id], [l].[CompletedAtUtc], [l].[CourseId], [l].[CreatedAtUtc], [l].[Description], [l].[DueDateUtc], [l].[Priority], [l].[ResourceLink], [l].[Status], [l].[Title], [l].[Type], [l].[UpdatedAtUtc]
    FROM [LearningActivities] AS [l]
    WHERE [l].[IsDeleted] = CAST(0 AS bit) AND [l].[UserId] = @___currentUserService_UserId_0 AND [l].[Type] = @__request_Type_1
    ORDER BY [l].[DueDateUtc]
    OFFSET @__p_2 ROWS FETCH NEXT @__p_3 ROWS ONLY
) AS [t]
INNER JOIN (
    SELECT [c].[Id], [c].[Name]
    FROM [Courses] AS [c]
    WHERE [c].[IsDeleted] = CAST(0 AS bit)
) AS [t0] ON [t].[CourseId] = [t0].[Id]
ORDER BY [t].[DueDateUtc]
[2026-07-30 20:07:22.454 +03:30 INF] [0d53751d-e4fa-422e-a938-0e802bf9c744] Microsoft.AspNetCore.Mvc.Infrastructure.ControllerActionInvoker: Executed action method StudentInsights.WebApi.Controllers.LearningActivitiesController.GetLearningActivities (StudentInsights.WebApi), returned result Microsoft.AspNetCore.Mvc.OkObjectResult in 24.4942ms.
[2026-07-30 20:07:22.462 +03:30 INF] [0d53751d-e4fa-422e-a938-0e802bf9c744] Microsoft.AspNetCore.Mvc.Infrastructure.ObjectResultExecutor: Executing OkObjectResult, writing value of type 'StudentInsights.Application.Common.Models.PaginatedResult`1[[StudentInsights.Application.Features.LearningActivities.DTOs.LearningActivityDto, StudentInsights.Application, Version=1.0.0.0, Culture=neutral, PublicKeyToken=null]]'.
[2026-07-30 20:07:22.466 +03:30 INF] [0d53751d-e4fa-422e-a938-0e802bf9c744] Microsoft.AspNetCore.Mvc.Infrastructure.ControllerActionInvoker: Executed action StudentInsights.WebApi.Controllers.LearningActivitiesController.GetLearningActivities (StudentInsights.WebApi) in 73.8913ms
[2026-07-30 20:07:22.470 +03:30 INF] [0d53751d-e4fa-422e-a938-0e802bf9c744] Microsoft.AspNetCore.Routing.EndpointMiddleware: Executed endpoint 'StudentInsights.WebApi.Controllers.LearningActivitiesController.GetLearningActivities (StudentInsights.WebApi)'
[2026-07-30 20:07:22.473 +03:30 INF] [] Microsoft.AspNetCore.Hosting.Diagnostics: Request finished HTTP/2 GET https://localhost:7167/api/learning-activities?type=1&pageNumber=1&pageSize=100 - 200 null application/json; charset=utf-8 113.3175ms
[2026-07-30 20:07:25.037 +03:30 INF] [] Microsoft.AspNetCore.Hosting.Diagnostics: Request starting HTTP/2 OPTIONS https://localhost:7167/api/calendar?from=2026-07-30T16:37:25.033Z&to=2026-09-28T16:37:25.033Z - null null
[2026-07-30 20:07:25.041 +03:30 INF] [] Microsoft.AspNetCore.Hosting.Diagnostics: Request starting HTTP/2 OPTIONS https://localhost:7167/api/calendar?from=2026-07-30T16:37:25.033Z&to=2026-09-28T16:37:25.033Z - null null
[2026-07-30 20:07:25.049 +03:30 INF] [d36ece45-b71e-4f20-8007-368e6417513b] Microsoft.AspNetCore.Cors.Infrastructure.CorsService: CORS policy execution successful.
[2026-07-30 20:07:25.055 +03:30 INF] [1972d967-d7bc-4786-ae32-2934b2a3a25d] Microsoft.AspNetCore.Cors.Infrastructure.CorsService: CORS policy execution successful.
[2026-07-30 20:07:25.058 +03:30 INF] [] Microsoft.AspNetCore.Hosting.Diagnostics: Request finished HTTP/2 OPTIONS https://localhost:7167/api/calendar?from=2026-07-30T16:37:25.033Z&to=2026-09-28T16:37:25.033Z - 204 null null 20.9974ms
[2026-07-30 20:07:25.061 +03:30 INF] [] Microsoft.AspNetCore.Hosting.Diagnostics: Request starting HTTP/2 GET https://localhost:7167/api/calendar?from=2026-07-30T16:37:25.033Z&to=2026-09-28T16:37:25.033Z - null null
[2026-07-30 20:07:25.061 +03:30 INF] [] Microsoft.AspNetCore.Hosting.Diagnostics: Request finished HTTP/2 OPTIONS https://localhost:7167/api/calendar?from=2026-07-30T16:37:25.033Z&to=2026-09-28T16:37:25.033Z - 204 null null 20.6484ms
[2026-07-30 20:07:25.078 +03:30 INF] [2e8ad63b-3987-45c6-9a4e-a268a855627f] Microsoft.AspNetCore.Cors.Infrastructure.CorsService: CORS policy execution successful.
[2026-07-30 20:07:25.090 +03:30 INF] [2e8ad63b-3987-45c6-9a4e-a268a855627f] Microsoft.AspNetCore.Routing.EndpointMiddleware: Executing endpoint 'StudentInsights.WebApi.Controllers.CalendarController.GetCalendarEvents (StudentInsights.WebApi)'
[2026-07-30 20:07:25.094 +03:30 INF] [2e8ad63b-3987-45c6-9a4e-a268a855627f] Microsoft.AspNetCore.Mvc.Infrastructure.ControllerActionInvoker: Route matched with {action = "GetCalendarEvents", controller = "Calendar"}. Executing controller action with signature System.Threading.Tasks.Task`1[Microsoft.AspNetCore.Mvc.ActionResult`1[System.Collections.Generic.IReadOnlyList`1[StudentInsights.Application.Features.Calendar.DTOs.CalendarEventDto]]] GetCalendarEvents(System.DateTime, System.DateTime, StudentInsights.Application.Features.Calendar.Enums.CalendarEventType[], System.Threading.CancellationToken) on controller StudentInsights.WebApi.Controllers.CalendarController (StudentInsights.WebApi).
[2026-07-30 20:07:25.146 +03:30 INF] [2e8ad63b-3987-45c6-9a4e-a268a855627f] Microsoft.AspNetCore.Mvc.Infrastructure.ControllerActionInvoker: Executing action method StudentInsights.WebApi.Controllers.CalendarController.GetCalendarEvents (StudentInsights.WebApi) - Validation state: "Valid"
[2026-07-30 20:07:25.160 +03:30 INF] [2e8ad63b-3987-45c6-9a4e-a268a855627f] Microsoft.EntityFrameworkCore.Database.Command: Executed DbCommand (2ms) [Parameters=[@__userId_0='?' (DbType = Guid)], CommandType='"Text"', CommandTimeout='30']
SELECT [c].[Id], [c].[CourseId], [c].[CreatedAtUtc], [c].[DayOfWeek], [c].[EndTime], [c].[RowVersion], [c].[StartTime], [c].[UpdatedAtUtc], [t].[Id], [t].[CreatedAtUtc], [t].[Credits], [t].[DeletedAtUtc], [t].[FinalGrade], [t].[InstructorName], [t].[IsDeleted], [t].[Name], [t].[RowVersion], [t].[Semester], [t].[UpdatedAtUtc], [t].[UserId]
FROM [ClassSchedules] AS [c]
INNER JOIN (
    SELECT [c0].[Id], [c0].[CreatedAtUtc], [c0].[Credits], [c0].[DeletedAtUtc], [c0].[FinalGrade], [c0].[InstructorName], [c0].[IsDeleted], [c0].[Name], [c0].[RowVersion], [c0].[Semester], [c0].[UpdatedAtUtc], [c0].[UserId]
    FROM [Courses] AS [c0]
    WHERE [c0].[IsDeleted] = CAST(0 AS bit)
) AS [t] ON [c].[CourseId] = [t].[Id]
WHERE [t].[UserId] = @__userId_0
[2026-07-30 20:07:25.171 +03:30 INF] [2e8ad63b-3987-45c6-9a4e-a268a855627f] Microsoft.EntityFrameworkCore.Database.Command: Executed DbCommand (1ms) [Parameters=[@__userId_0='?' (DbType = Guid), @__request_FromUtc_1='?' (DbType = DateTime2), @__request_ToUtc_2='?' (DbType = DateTime2)], CommandType='"Text"', CommandTimeout='30']
SELECT [e].[Id], [e].[CourseId], [e].[CreatedAtUtc], [e].[DeletedAtUtc], [e].[Description], [e].[ExamDateUtc], [e].[Grade], [e].[IsDeleted], [e].[RowVersion], [e].[Title], [e].[UpdatedAtUtc], [e].[UserId]
FROM [Exams] AS [e]
WHERE [e].[IsDeleted] = CAST(0 AS bit) AND [e].[UserId] = @__userId_0 AND [e].[ExamDateUtc] >= @__request_FromUtc_1 AND [e].[ExamDateUtc] <= @__request_ToUtc_2
[2026-07-30 20:07:25.179 +03:30 INF] [2e8ad63b-3987-45c6-9a4e-a268a855627f] Microsoft.EntityFrameworkCore.Database.Command: Executed DbCommand (1ms) [Parameters=[@__userId_0='?' (DbType = Guid), @__request_FromUtc_1='?' (DbType = DateTime2), @__request_ToUtc_2='?' (DbType = DateTime2)], CommandType='"Text"', CommandTimeout='30']
SELECT [l].[Id], [l].[CompletedAtUtc], [l].[CourseId], [l].[CreatedAtUtc], [l].[DeletedAtUtc], [l].[Description], [l].[DueDateUtc], [l].[IsDeleted], [l].[LastCompletedAtUtc], [l].[Priority], [l].[ResourceLink], [l].[RowVersion], [l].[Status], [l].[Title], [l].[Type], [l].[UpdatedAtUtc], [l].[UserId]
FROM [LearningActivities] AS [l]
WHERE [l].[IsDeleted] = CAST(0 AS bit) AND [l].[UserId] = @__userId_0 AND [l].[DueDateUtc] >= @__request_FromUtc_1 AND [l].[DueDateUtc] <= @__request_ToUtc_2
[2026-07-30 20:07:25.190 +03:30 INF] [2e8ad63b-3987-45c6-9a4e-a268a855627f] Microsoft.EntityFrameworkCore.Database.Command: Executed DbCommand (2ms) [Parameters=[@__userId_0='?' (DbType = Guid), @__request_FromUtc_1='?' (DbType = DateTime2), @__request_ToUtc_2='?' (DbType = DateTime2)], CommandType='"Text"', CommandTimeout='30']
SELECT [g].[Id], [g].[CreatedAtUtc], [g].[CurrentValue], [g].[DeletedAtUtc], [g].[IsDeleted], [g].[RelatedActivityId], [g].[RowVersion], [g].[TargetDateUtc], [g].[TargetValue], [g].[Type], [g].[UpdatedAtUtc], [g].[UserId]
FROM [Goals] AS [g]
WHERE [g].[IsDeleted] = CAST(0 AS bit) AND [g].[UserId] = @__userId_0 AND [g].[TargetDateUtc] IS NOT NULL AND [g].[TargetDateUtc] >= @__request_FromUtc_1 AND [g].[TargetDateUtc] <= @__request_ToUtc_2
[2026-07-30 20:07:25.200 +03:30 INF] [2e8ad63b-3987-45c6-9a4e-a268a855627f] Microsoft.EntityFrameworkCore.Database.Command: Executed DbCommand (2ms) [Parameters=[@__userId_0='?' (DbType = Guid), @__request_ToUtc_1='?' (DbType = DateTime2), @__request_FromUtc_2='?' (DbType = DateTime2)], CommandType='"Text"', CommandTimeout='30']
SELECT [p].[Id], [p].[CreatedAtUtc], [p].[DeletedAtUtc], [p].[Description], [p].[EndAtUtc], [p].[IsAllDay], [p].[IsDeleted], [p].[RowVersion], [p].[StartAtUtc], [p].[Title], [p].[UpdatedAtUtc], [p].[UserId]
FROM [PersonalEvents] AS [p]
WHERE [p].[IsDeleted] = CAST(0 AS bit) AND [p].[UserId] = @__userId_0 AND [p].[StartAtUtc] <= @__request_ToUtc_1 AND [p].[EndAtUtc] >= @__request_FromUtc_2
[2026-07-30 20:07:25.207 +03:30 INF] [2e8ad63b-3987-45c6-9a4e-a268a855627f] Microsoft.AspNetCore.Mvc.Infrastructure.ControllerActionInvoker: Executed action method StudentInsights.WebApi.Controllers.CalendarController.GetCalendarEvents (StudentInsights.WebApi), returned result Microsoft.AspNetCore.Mvc.OkObjectResult in 55.8072ms.
[2026-07-30 20:07:25.211 +03:30 INF] [2e8ad63b-3987-45c6-9a4e-a268a855627f] Microsoft.AspNetCore.Mvc.Infrastructure.ObjectResultExecutor: Executing OkObjectResult, writing value of type 'System.Collections.Generic.List`1[[StudentInsights.Application.Features.Calendar.DTOs.CalendarEventDto, StudentInsights.Application, Version=1.0.0.0, Culture=neutral, PublicKeyToken=null]]'.
[2026-07-30 20:07:25.214 +03:30 INF] [2e8ad63b-3987-45c6-9a4e-a268a855627f] Microsoft.AspNetCore.Mvc.Infrastructure.ControllerActionInvoker: Executed action StudentInsights.WebApi.Controllers.CalendarController.GetCalendarEvents (StudentInsights.WebApi) in 116.4433ms
[2026-07-30 20:07:25.216 +03:30 INF] [] Microsoft.AspNetCore.Hosting.Diagnostics: Request starting HTTP/2 GET https://localhost:7167/api/calendar?from=2026-07-30T16:37:25.033Z&to=2026-09-28T16:37:25.033Z - null null
[2026-07-30 20:07:25.218 +03:30 INF] [2e8ad63b-3987-45c6-9a4e-a268a855627f] Microsoft.AspNetCore.Routing.EndpointMiddleware: Executed endpoint 'StudentInsights.WebApi.Controllers.CalendarController.GetCalendarEvents (StudentInsights.WebApi)'
[2026-07-30 20:07:25.223 +03:30 INF] [9a28b87d-eb2e-4eff-9010-07b99969960c] Microsoft.AspNetCore.Cors.Infrastructure.CorsService: CORS policy execution successful.
[2026-07-30 20:07:25.226 +03:30 INF] [] Microsoft.AspNetCore.Hosting.Diagnostics: Request finished HTTP/2 GET https://localhost:7167/api/calendar?from=2026-07-30T16:37:25.033Z&to=2026-09-28T16:37:25.033Z - 200 null application/json; charset=utf-8 165.4737ms
[2026-07-30 20:07:25.230 +03:30 INF] [9a28b87d-eb2e-4eff-9010-07b99969960c] Microsoft.AspNetCore.Routing.EndpointMiddleware: Executing endpoint 'StudentInsights.WebApi.Controllers.CalendarController.GetCalendarEvents (StudentInsights.WebApi)'
[2026-07-30 20:07:25.241 +03:30 INF] [9a28b87d-eb2e-4eff-9010-07b99969960c] Microsoft.AspNetCore.Mvc.Infrastructure.ControllerActionInvoker: Route matched with {action = "GetCalendarEvents", controller = "Calendar"}. Executing controller action with signature System.Threading.Tasks.Task`1[Microsoft.AspNetCore.Mvc.ActionResult`1[System.Collections.Generic.IReadOnlyList`1[StudentInsights.Application.Features.Calendar.DTOs.CalendarEventDto]]] GetCalendarEvents(System.DateTime, System.DateTime, StudentInsights.Application.Features.Calendar.Enums.CalendarEventType[], System.Threading.CancellationToken) on controller StudentInsights.WebApi.Controllers.CalendarController (StudentInsights.WebApi).
[2026-07-30 20:07:25.285 +03:30 INF] [9a28b87d-eb2e-4eff-9010-07b99969960c] Microsoft.AspNetCore.Mvc.Infrastructure.ControllerActionInvoker: Executing action method StudentInsights.WebApi.Controllers.CalendarController.GetCalendarEvents (StudentInsights.WebApi) - Validation state: "Valid"
[2026-07-30 20:07:25.293 +03:30 INF] [9a28b87d-eb2e-4eff-9010-07b99969960c] Microsoft.EntityFrameworkCore.Database.Command: Executed DbCommand (2ms) [Parameters=[@__userId_0='?' (DbType = Guid)], CommandType='"Text"', CommandTimeout='30']
SELECT [c].[Id], [c].[CourseId], [c].[CreatedAtUtc], [c].[DayOfWeek], [c].[EndTime], [c].[RowVersion], [c].[StartTime], [c].[UpdatedAtUtc], [t].[Id], [t].[CreatedAtUtc], [t].[Credits], [t].[DeletedAtUtc], [t].[FinalGrade], [t].[InstructorName], [t].[IsDeleted], [t].[Name], [t].[RowVersion], [t].[Semester], [t].[UpdatedAtUtc], [t].[UserId]
FROM [ClassSchedules] AS [c]
INNER JOIN (
    SELECT [c0].[Id], [c0].[CreatedAtUtc], [c0].[Credits], [c0].[DeletedAtUtc], [c0].[FinalGrade], [c0].[InstructorName], [c0].[IsDeleted], [c0].[Name], [c0].[RowVersion], [c0].[Semester], [c0].[UpdatedAtUtc], [c0].[UserId]
    FROM [Courses] AS [c0]
    WHERE [c0].[IsDeleted] = CAST(0 AS bit)
) AS [t] ON [c].[CourseId] = [t].[Id]
WHERE [t].[UserId] = @__userId_0
[2026-07-30 20:07:25.304 +03:30 INF] [9a28b87d-eb2e-4eff-9010-07b99969960c] Microsoft.EntityFrameworkCore.Database.Command: Executed DbCommand (1ms) [Parameters=[@__userId_0='?' (DbType = Guid), @__request_FromUtc_1='?' (DbType = DateTime2), @__request_ToUtc_2='?' (DbType = DateTime2)], CommandType='"Text"', CommandTimeout='30']
SELECT [e].[Id], [e].[CourseId], [e].[CreatedAtUtc], [e].[DeletedAtUtc], [e].[Description], [e].[ExamDateUtc], [e].[Grade], [e].[IsDeleted], [e].[RowVersion], [e].[Title], [e].[UpdatedAtUtc], [e].[UserId]
FROM [Exams] AS [e]
WHERE [e].[IsDeleted] = CAST(0 AS bit) AND [e].[UserId] = @__userId_0 AND [e].[ExamDateUtc] >= @__request_FromUtc_1 AND [e].[ExamDateUtc] <= @__request_ToUtc_2
[2026-07-30 20:07:25.319 +03:30 INF] [9a28b87d-eb2e-4eff-9010-07b99969960c] Microsoft.EntityFrameworkCore.Database.Command: Executed DbCommand (7ms) [Parameters=[@__userId_0='?' (DbType = Guid), @__request_FromUtc_1='?' (DbType = DateTime2), @__request_ToUtc_2='?' (DbType = DateTime2)], CommandType='"Text"', CommandTimeout='30']
SELECT [l].[Id], [l].[CompletedAtUtc], [l].[CourseId], [l].[CreatedAtUtc], [l].[DeletedAtUtc], [l].[Description], [l].[DueDateUtc], [l].[IsDeleted], [l].[LastCompletedAtUtc], [l].[Priority], [l].[ResourceLink], [l].[RowVersion], [l].[Status], [l].[Title], [l].[Type], [l].[UpdatedAtUtc], [l].[UserId]
FROM [LearningActivities] AS [l]
WHERE [l].[IsDeleted] = CAST(0 AS bit) AND [l].[UserId] = @__userId_0 AND [l].[DueDateUtc] >= @__request_FromUtc_1 AND [l].[DueDateUtc] <= @__request_ToUtc_2
[2026-07-30 20:07:25.334 +03:30 INF] [9a28b87d-eb2e-4eff-9010-07b99969960c] Microsoft.EntityFrameworkCore.Database.Command: Executed DbCommand (7ms) [Parameters=[@__userId_0='?' (DbType = Guid), @__request_FromUtc_1='?' (DbType = DateTime2), @__request_ToUtc_2='?' (DbType = DateTime2)], CommandType='"Text"', CommandTimeout='30']
SELECT [g].[Id], [g].[CreatedAtUtc], [g].[CurrentValue], [g].[DeletedAtUtc], [g].[IsDeleted], [g].[RelatedActivityId], [g].[RowVersion], [g].[TargetDateUtc], [g].[TargetValue], [g].[Type], [g].[UpdatedAtUtc], [g].[UserId]
FROM [Goals] AS [g]
WHERE [g].[IsDeleted] = CAST(0 AS bit) AND [g].[UserId] = @__userId_0 AND [g].[TargetDateUtc] IS NOT NULL AND [g].[TargetDateUtc] >= @__request_FromUtc_1 AND [g].[TargetDateUtc] <= @__request_ToUtc_2
[2026-07-30 20:07:25.344 +03:30 INF] [9a28b87d-eb2e-4eff-9010-07b99969960c] Microsoft.EntityFrameworkCore.Database.Command: Executed DbCommand (2ms) [Parameters=[@__userId_0='?' (DbType = Guid), @__request_ToUtc_1='?' (DbType = DateTime2), @__request_FromUtc_2='?' (DbType = DateTime2)], CommandType='"Text"', CommandTimeout='30']
SELECT [p].[Id], [p].[CreatedAtUtc], [p].[DeletedAtUtc], [p].[Description], [p].[EndAtUtc], [p].[IsAllDay], [p].[IsDeleted], [p].[RowVersion], [p].[StartAtUtc], [p].[Title], [p].[UpdatedAtUtc], [p].[UserId]
FROM [PersonalEvents] AS [p]
WHERE [p].[IsDeleted] = CAST(0 AS bit) AND [p].[UserId] = @__userId_0 AND [p].[StartAtUtc] <= @__request_ToUtc_1 AND [p].[EndAtUtc] >= @__request_FromUtc_2
[2026-07-30 20:07:25.360 +03:30 INF] [9a28b87d-eb2e-4eff-9010-07b99969960c] Microsoft.AspNetCore.Mvc.Infrastructure.ControllerActionInvoker: Executed action method StudentInsights.WebApi.Controllers.CalendarController.GetCalendarEvents (StudentInsights.WebApi), returned result Microsoft.AspNetCore.Mvc.OkObjectResult in 70.4081ms.
[2026-07-30 20:07:25.366 +03:30 INF] [9a28b87d-eb2e-4eff-9010-07b99969960c] Microsoft.AspNetCore.Mvc.Infrastructure.ObjectResultExecutor: Executing OkObjectResult, writing value of type 'System.Collections.Generic.List`1[[StudentInsights.Application.Features.Calendar.DTOs.CalendarEventDto, StudentInsights.Application, Version=1.0.0.0, Culture=neutral, PublicKeyToken=null]]'.
[2026-07-30 20:07:25.371 +03:30 INF] [9a28b87d-eb2e-4eff-9010-07b99969960c] Microsoft.AspNetCore.Mvc.Infrastructure.ControllerActionInvoker: Executed action StudentInsights.WebApi.Controllers.CalendarController.GetCalendarEvents (StudentInsights.WebApi) in 123.6836ms
[2026-07-30 20:07:25.376 +03:30 INF] [9a28b87d-eb2e-4eff-9010-07b99969960c] Microsoft.AspNetCore.Routing.EndpointMiddleware: Executed endpoint 'StudentInsights.WebApi.Controllers.CalendarController.GetCalendarEvents (StudentInsights.WebApi)'
[2026-07-30 20:07:25.379 +03:30 INF] [] Microsoft.AspNetCore.Hosting.Diagnostics: Request finished HTTP/2 GET https://localhost:7167/api/calendar?from=2026-07-30T16:37:25.033Z&to=2026-09-28T16:37:25.033Z - 200 null application/json; charset=utf-8 163.4129ms
[2026-07-30 20:07:31.947 +03:30 INF] [] Microsoft.AspNetCore.Hosting.Diagnostics: Request starting HTTP/2 OPTIONS https://localhost:7167/api/goals?pageNumber=1&pageSize=50 - null null
[2026-07-30 20:07:31.948 +03:30 INF] [] Microsoft.AspNetCore.Hosting.Diagnostics: Request starting HTTP/2 OPTIONS https://localhost:7167/api/goals?pageNumber=1&pageSize=50 - null null
[2026-07-30 20:07:31.954 +03:30 INF] [c03bb7f1-a0e3-4f39-913d-b81c8e52c17d] Microsoft.AspNetCore.Cors.Infrastructure.CorsService: CORS policy execution successful.
[2026-07-30 20:07:31.962 +03:30 INF] [5c1e9b90-ade1-4fbf-a1f5-6fbf3179ef7e] Microsoft.AspNetCore.Cors.Infrastructure.CorsService: CORS policy execution successful.
[2026-07-30 20:07:31.965 +03:30 INF] [] Microsoft.AspNetCore.Hosting.Diagnostics: Request finished HTTP/2 OPTIONS https://localhost:7167/api/goals?pageNumber=1&pageSize=50 - 204 null null 17.6681ms
[2026-07-30 20:07:31.967 +03:30 INF] [] Microsoft.AspNetCore.Hosting.Diagnostics: Request finished HTTP/2 OPTIONS https://localhost:7167/api/goals?pageNumber=1&pageSize=50 - 204 null null 20.2438ms
[2026-07-30 20:07:31.967 +03:30 INF] [] Microsoft.AspNetCore.Hosting.Diagnostics: Request starting HTTP/2 GET https://localhost:7167/api/goals?pageNumber=1&pageSize=50 - null null
[2026-07-30 20:07:31.992 +03:30 INF] [1f363264-0516-4ce7-a1ce-3b26f71936be] Microsoft.AspNetCore.Cors.Infrastructure.CorsService: CORS policy execution successful.
[2026-07-30 20:07:31.996 +03:30 INF] [1f363264-0516-4ce7-a1ce-3b26f71936be] Microsoft.AspNetCore.Routing.EndpointMiddleware: Executing endpoint 'StudentInsights.WebApi.Controllers.GoalsController.GetGoals (StudentInsights.WebApi)'
[2026-07-30 20:07:32.000 +03:30 INF] [1f363264-0516-4ce7-a1ce-3b26f71936be] Microsoft.AspNetCore.Mvc.Infrastructure.ControllerActionInvoker: Route matched with {action = "GetGoals", controller = "Goals"}. Executing controller action with signature System.Threading.Tasks.Task`1[Microsoft.AspNetCore.Mvc.ActionResult`1[StudentInsights.Application.Common.Models.PaginatedResult`1[StudentInsights.Application.Features.Goals.DTOs.GoalDto]]] GetGoals(StudentInsights.Application.Common.Models.PaginationParams, System.Threading.CancellationToken) on controller StudentInsights.WebApi.Controllers.GoalsController (StudentInsights.WebApi).
[2026-07-30 20:07:32.041 +03:30 INF] [1f363264-0516-4ce7-a1ce-3b26f71936be] Microsoft.AspNetCore.Mvc.Infrastructure.ControllerActionInvoker: Executing action method StudentInsights.WebApi.Controllers.GoalsController.GetGoals (StudentInsights.WebApi) - Validation state: "Valid"
[2026-07-30 20:07:32.054 +03:30 INF] [1f363264-0516-4ce7-a1ce-3b26f71936be] Microsoft.EntityFrameworkCore.Database.Command: Executed DbCommand (6ms) [Parameters=[@___currentUserService_UserId_0='?' (DbType = Guid)], CommandType='"Text"', CommandTimeout='30']
SELECT COUNT(*)
FROM [Goals] AS [g]
WHERE [g].[IsDeleted] = CAST(0 AS bit) AND [g].[UserId] = @___currentUserService_UserId_0
[2026-07-30 20:07:32.065 +03:30 INF] [1f363264-0516-4ce7-a1ce-3b26f71936be] Microsoft.EntityFrameworkCore.Database.Command: Executed DbCommand (3ms) [Parameters=[@___currentUserService_UserId_0='?' (DbType = Guid), @__p_1='?' (DbType = Int32), @__p_2='?' (DbType = Int32)], CommandType='"Text"', CommandTimeout='30']
SELECT [g].[Id], [g].[CreatedAtUtc], [g].[CurrentValue], [g].[DeletedAtUtc], [g].[IsDeleted], [g].[RelatedActivityId], [g].[RowVersion], [g].[TargetDateUtc], [g].[TargetValue], [g].[Type], [g].[UpdatedAtUtc], [g].[UserId]
FROM [Goals] AS [g]
WHERE [g].[IsDeleted] = CAST(0 AS bit) AND [g].[UserId] = @___currentUserService_UserId_0
ORDER BY [g].[CreatedAtUtc] DESC
OFFSET @__p_1 ROWS FETCH NEXT @__p_2 ROWS ONLY
[2026-07-30 20:07:32.073 +03:30 INF] [1f363264-0516-4ce7-a1ce-3b26f71936be] Microsoft.AspNetCore.Mvc.Infrastructure.ControllerActionInvoker: Executed action method StudentInsights.WebApi.Controllers.GoalsController.GetGoals (StudentInsights.WebApi), returned result Microsoft.AspNetCore.Mvc.OkObjectResult in 27.4596ms.
[2026-07-30 20:07:32.077 +03:30 INF] [1f363264-0516-4ce7-a1ce-3b26f71936be] Microsoft.AspNetCore.Mvc.Infrastructure.ObjectResultExecutor: Executing OkObjectResult, writing value of type 'StudentInsights.Application.Common.Models.PaginatedResult`1[[StudentInsights.Application.Features.Goals.DTOs.GoalDto, StudentInsights.Application, Version=1.0.0.0, Culture=neutral, PublicKeyToken=null]]'.
[2026-07-30 20:07:32.080 +03:30 INF] [1f363264-0516-4ce7-a1ce-3b26f71936be] Microsoft.AspNetCore.Mvc.Infrastructure.ControllerActionInvoker: Executed action StudentInsights.WebApi.Controllers.GoalsController.GetGoals (StudentInsights.WebApi) in 72.8542ms
[2026-07-30 20:07:32.083 +03:30 INF] [] Microsoft.AspNetCore.Hosting.Diagnostics: Request starting HTTP/2 GET https://localhost:7167/api/goals?pageNumber=1&pageSize=50 - null null
[2026-07-30 20:07:32.087 +03:30 INF] [1f363264-0516-4ce7-a1ce-3b26f71936be] Microsoft.AspNetCore.Routing.EndpointMiddleware: Executed endpoint 'StudentInsights.WebApi.Controllers.GoalsController.GetGoals (StudentInsights.WebApi)'
[2026-07-30 20:07:32.094 +03:30 INF] [fb2d52f0-3da0-461f-a5e0-1a9efea41fbd] Microsoft.AspNetCore.Cors.Infrastructure.CorsService: CORS policy execution successful.
[2026-07-30 20:07:32.096 +03:30 INF] [] Microsoft.AspNetCore.Hosting.Diagnostics: Request finished HTTP/2 GET https://localhost:7167/api/goals?pageNumber=1&pageSize=50 - 200 null application/json; charset=utf-8 129.0272ms
[2026-07-30 20:07:32.099 +03:30 INF] [fb2d52f0-3da0-461f-a5e0-1a9efea41fbd] Microsoft.AspNetCore.Routing.EndpointMiddleware: Executing endpoint 'StudentInsights.WebApi.Controllers.GoalsController.GetGoals (StudentInsights.WebApi)'
[2026-07-30 20:07:32.110 +03:30 INF] [fb2d52f0-3da0-461f-a5e0-1a9efea41fbd] Microsoft.AspNetCore.Mvc.Infrastructure.ControllerActionInvoker: Route matched with {action = "GetGoals", controller = "Goals"}. Executing controller action with signature System.Threading.Tasks.Task`1[Microsoft.AspNetCore.Mvc.ActionResult`1[StudentInsights.Application.Common.Models.PaginatedResult`1[StudentInsights.Application.Features.Goals.DTOs.GoalDto]]] GetGoals(StudentInsights.Application.Common.Models.PaginationParams, System.Threading.CancellationToken) on controller StudentInsights.WebApi.Controllers.GoalsController (StudentInsights.WebApi).
[2026-07-30 20:07:32.143 +03:30 INF] [fb2d52f0-3da0-461f-a5e0-1a9efea41fbd] Microsoft.AspNetCore.Mvc.Infrastructure.ControllerActionInvoker: Executing action method StudentInsights.WebApi.Controllers.GoalsController.GetGoals (StudentInsights.WebApi) - Validation state: "Valid"
[2026-07-30 20:07:32.144 +03:30 INF] [] Microsoft.AspNetCore.Hosting.Diagnostics: Request starting HTTP/2 OPTIONS https://localhost:7167/api/learning-activities?type=1&pageNumber=1&pageSize=100 - null null
[2026-07-30 20:07:32.154 +03:30 INF] [fb2d52f0-3da0-461f-a5e0-1a9efea41fbd] Microsoft.EntityFrameworkCore.Database.Command: Executed DbCommand (2ms) [Parameters=[@___currentUserService_UserId_0='?' (DbType = Guid)], CommandType='"Text"', CommandTimeout='30']
SELECT COUNT(*)
FROM [Goals] AS [g]
WHERE [g].[IsDeleted] = CAST(0 AS bit) AND [g].[UserId] = @___currentUserService_UserId_0
[2026-07-30 20:07:32.160 +03:30 INF] [f9d72eae-6e22-41a3-a3fd-08507c7ebe8c] Microsoft.AspNetCore.Cors.Infrastructure.CorsService: CORS policy execution successful.
[2026-07-30 20:07:32.167 +03:30 INF] [fb2d52f0-3da0-461f-a5e0-1a9efea41fbd] Microsoft.EntityFrameworkCore.Database.Command: Executed DbCommand (2ms) [Parameters=[@___currentUserService_UserId_0='?' (DbType = Guid), @__p_1='?' (DbType = Int32), @__p_2='?' (DbType = Int32)], CommandType='"Text"', CommandTimeout='30']
SELECT [g].[Id], [g].[CreatedAtUtc], [g].[CurrentValue], [g].[DeletedAtUtc], [g].[IsDeleted], [g].[RelatedActivityId], [g].[RowVersion], [g].[TargetDateUtc], [g].[TargetValue], [g].[Type], [g].[UpdatedAtUtc], [g].[UserId]
FROM [Goals] AS [g]
WHERE [g].[IsDeleted] = CAST(0 AS bit) AND [g].[UserId] = @___currentUserService_UserId_0
ORDER BY [g].[CreatedAtUtc] DESC
OFFSET @__p_1 ROWS FETCH NEXT @__p_2 ROWS ONLY
[2026-07-30 20:07:32.170 +03:30 INF] [] Microsoft.AspNetCore.Hosting.Diagnostics: Request finished HTTP/2 OPTIONS https://localhost:7167/api/learning-activities?type=1&pageNumber=1&pageSize=100 - 204 null null 25.5997ms
[2026-07-30 20:07:32.172 +03:30 INF] [] Microsoft.AspNetCore.Hosting.Diagnostics: Request starting HTTP/2 GET https://localhost:7167/api/learning-activities?type=1&pageNumber=1&pageSize=100 - null null
[2026-07-30 20:07:32.176 +03:30 INF] [fb2d52f0-3da0-461f-a5e0-1a9efea41fbd] Microsoft.AspNetCore.Mvc.Infrastructure.ControllerActionInvoker: Executed action method StudentInsights.WebApi.Controllers.GoalsController.GetGoals (StudentInsights.WebApi), returned result Microsoft.AspNetCore.Mvc.OkObjectResult in 27.1128ms.
[2026-07-30 20:07:32.191 +03:30 INF] [892b08f0-16d0-404c-8417-cffbdef61cd2] Microsoft.AspNetCore.Cors.Infrastructure.CorsService: CORS policy execution successful.
[2026-07-30 20:07:32.195 +03:30 INF] [fb2d52f0-3da0-461f-a5e0-1a9efea41fbd] Microsoft.AspNetCore.Mvc.Infrastructure.ObjectResultExecutor: Executing OkObjectResult, writing value of type 'StudentInsights.Application.Common.Models.PaginatedResult`1[[StudentInsights.Application.Features.Goals.DTOs.GoalDto, StudentInsights.Application, Version=1.0.0.0, Culture=neutral, PublicKeyToken=null]]'.
[2026-07-30 20:07:32.198 +03:30 INF] [892b08f0-16d0-404c-8417-cffbdef61cd2] Microsoft.AspNetCore.Routing.EndpointMiddleware: Executing endpoint 'StudentInsights.WebApi.Controllers.LearningActivitiesController.GetLearningActivities (StudentInsights.WebApi)'
[2026-07-30 20:07:32.202 +03:30 INF] [fb2d52f0-3da0-461f-a5e0-1a9efea41fbd] Microsoft.AspNetCore.Mvc.Infrastructure.ControllerActionInvoker: Executed action StudentInsights.WebApi.Controllers.GoalsController.GetGoals (StudentInsights.WebApi) in 88.1655ms
[2026-07-30 20:07:32.207 +03:30 INF] [892b08f0-16d0-404c-8417-cffbdef61cd2] Microsoft.AspNetCore.Mvc.Infrastructure.ControllerActionInvoker: Route matched with {action = "GetLearningActivities", controller = "LearningActivities"}. Executing controller action with signature System.Threading.Tasks.Task`1[Microsoft.AspNetCore.Mvc.ActionResult`1[StudentInsights.Application.Common.Models.PaginatedResult`1[StudentInsights.Application.Features.LearningActivities.DTOs.LearningActivityDto]]] GetLearningActivities(System.Nullable`1[System.Guid], System.String, System.Nullable`1[StudentInsights.Domain.Enums.ActivityStatus], System.Nullable`1[StudentInsights.Domain.Enums.ActivityType], StudentInsights.Application.Common.Models.PaginationParams, System.Threading.CancellationToken) on controller StudentInsights.WebApi.Controllers.LearningActivitiesController (StudentInsights.WebApi).
[2026-07-30 20:07:32.213 +03:30 INF] [fb2d52f0-3da0-461f-a5e0-1a9efea41fbd] Microsoft.AspNetCore.Routing.EndpointMiddleware: Executed endpoint 'StudentInsights.WebApi.Controllers.GoalsController.GetGoals (StudentInsights.WebApi)'
[2026-07-30 20:07:32.252 +03:30 INF] [892b08f0-16d0-404c-8417-cffbdef61cd2] Microsoft.AspNetCore.Mvc.Infrastructure.ControllerActionInvoker: Executing action method StudentInsights.WebApi.Controllers.LearningActivitiesController.GetLearningActivities (StudentInsights.WebApi) - Validation state: "Valid"
[2026-07-30 20:07:32.252 +03:30 INF] [] Microsoft.AspNetCore.Hosting.Diagnostics: Request finished HTTP/2 GET https://localhost:7167/api/goals?pageNumber=1&pageSize=50 - 200 null application/json; charset=utf-8 169.6608ms
[2026-07-30 20:07:32.264 +03:30 INF] [892b08f0-16d0-404c-8417-cffbdef61cd2] Microsoft.EntityFrameworkCore.Database.Command: Executed DbCommand (6ms) [Parameters=[@___currentUserService_UserId_0='?' (DbType = Guid), @__request_Type_1='?' (Size = 20)], CommandType='"Text"', CommandTimeout='30']
SELECT COUNT(*)
FROM [LearningActivities] AS [l]
WHERE [l].[IsDeleted] = CAST(0 AS bit) AND [l].[UserId] = @___currentUserService_UserId_0 AND [l].[Type] = @__request_Type_1
[2026-07-30 20:07:32.281 +03:30 INF] [892b08f0-16d0-404c-8417-cffbdef61cd2] Microsoft.EntityFrameworkCore.Database.Command: Executed DbCommand (6ms) [Parameters=[@___currentUserService_UserId_0='?' (DbType = Guid), @__request_Type_1='?' (Size = 20), @__p_2='?' (DbType = Int32), @__p_3='?' (DbType = Int32)], CommandType='"Text"', CommandTimeout='30']
SELECT [t].[Id], [t].[CourseId], [t0].[Name], [t].[Title], [t].[Type], [t].[DueDateUtc], [t].[Priority], [t].[Status], [t].[Description], [t].[ResourceLink], [t].[CompletedAtUtc], [t].[CreatedAtUtc], [t].[UpdatedAtUtc]
FROM (
    SELECT [l].[Id], [l].[CompletedAtUtc], [l].[CourseId], [l].[CreatedAtUtc], [l].[Description], [l].[DueDateUtc], [l].[Priority], [l].[ResourceLink], [l].[Status], [l].[Title], [l].[Type], [l].[UpdatedAtUtc]
    FROM [LearningActivities] AS [l]
    WHERE [l].[IsDeleted] = CAST(0 AS bit) AND [l].[UserId] = @___currentUserService_UserId_0 AND [l].[Type] = @__request_Type_1
    ORDER BY [l].[DueDateUtc]
    OFFSET @__p_2 ROWS FETCH NEXT @__p_3 ROWS ONLY
) AS [t]
INNER JOIN (
    SELECT [c].[Id], [c].[Name]
    FROM [Courses] AS [c]
    WHERE [c].[IsDeleted] = CAST(0 AS bit)
) AS [t0] ON [t].[CourseId] = [t0].[Id]
ORDER BY [t].[DueDateUtc]
[2026-07-30 20:07:32.289 +03:30 INF] [892b08f0-16d0-404c-8417-cffbdef61cd2] Microsoft.AspNetCore.Mvc.Infrastructure.ControllerActionInvoker: Executed action method StudentInsights.WebApi.Controllers.LearningActivitiesController.GetLearningActivities (StudentInsights.WebApi), returned result Microsoft.AspNetCore.Mvc.OkObjectResult in 31.2012ms.
[2026-07-30 20:07:32.295 +03:30 INF] [892b08f0-16d0-404c-8417-cffbdef61cd2] Microsoft.AspNetCore.Mvc.Infrastructure.ObjectResultExecutor: Executing OkObjectResult, writing value of type 'StudentInsights.Application.Common.Models.PaginatedResult`1[[StudentInsights.Application.Features.LearningActivities.DTOs.LearningActivityDto, StudentInsights.Application, Version=1.0.0.0, Culture=neutral, PublicKeyToken=null]]'.
[2026-07-30 20:07:32.299 +03:30 INF] [892b08f0-16d0-404c-8417-cffbdef61cd2] Microsoft.AspNetCore.Mvc.Infrastructure.ControllerActionInvoker: Executed action StudentInsights.WebApi.Controllers.LearningActivitiesController.GetLearningActivities (StudentInsights.WebApi) in 80.929ms
[2026-07-30 20:07:32.301 +03:30 INF] [] Microsoft.AspNetCore.Hosting.Diagnostics: Request starting HTTP/2 GET https://localhost:7167/api/learning-activities?type=1&pageNumber=1&pageSize=100 - null null
[2026-07-30 20:07:32.304 +03:30 INF] [892b08f0-16d0-404c-8417-cffbdef61cd2] Microsoft.AspNetCore.Routing.EndpointMiddleware: Executed endpoint 'StudentInsights.WebApi.Controllers.LearningActivitiesController.GetLearningActivities (StudentInsights.WebApi)'
[2026-07-30 20:07:32.309 +03:30 INF] [0f3113b1-3e69-4350-8935-5cbff2ae2dc1] Microsoft.AspNetCore.Cors.Infrastructure.CorsService: CORS policy execution successful.
[2026-07-30 20:07:32.311 +03:30 INF] [] Microsoft.AspNetCore.Hosting.Diagnostics: Request finished HTTP/2 GET https://localhost:7167/api/learning-activities?type=1&pageNumber=1&pageSize=100 - 200 null application/json; charset=utf-8 139.3064ms
[2026-07-30 20:07:32.313 +03:30 INF] [0f3113b1-3e69-4350-8935-5cbff2ae2dc1] Microsoft.AspNetCore.Routing.EndpointMiddleware: Executing endpoint 'StudentInsights.WebApi.Controllers.LearningActivitiesController.GetLearningActivities (StudentInsights.WebApi)'
[2026-07-30 20:07:32.322 +03:30 INF] [0f3113b1-3e69-4350-8935-5cbff2ae2dc1] Microsoft.AspNetCore.Mvc.Infrastructure.ControllerActionInvoker: Route matched with {action = "GetLearningActivities", controller = "LearningActivities"}. Executing controller action with signature System.Threading.Tasks.Task`1[Microsoft.AspNetCore.Mvc.ActionResult`1[StudentInsights.Application.Common.Models.PaginatedResult`1[StudentInsights.Application.Features.LearningActivities.DTOs.LearningActivityDto]]] GetLearningActivities(System.Nullable`1[System.Guid], System.String, System.Nullable`1[StudentInsights.Domain.Enums.ActivityStatus], System.Nullable`1[StudentInsights.Domain.Enums.ActivityType], StudentInsights.Application.Common.Models.PaginationParams, System.Threading.CancellationToken) on controller StudentInsights.WebApi.Controllers.LearningActivitiesController (StudentInsights.WebApi).
[2026-07-30 20:07:32.361 +03:30 INF] [0f3113b1-3e69-4350-8935-5cbff2ae2dc1] Microsoft.AspNetCore.Mvc.Infrastructure.ControllerActionInvoker: Executing action method StudentInsights.WebApi.Controllers.LearningActivitiesController.GetLearningActivities (StudentInsights.WebApi) - Validation state: "Valid"
[2026-07-30 20:07:32.368 +03:30 INF] [0f3113b1-3e69-4350-8935-5cbff2ae2dc1] Microsoft.EntityFrameworkCore.Database.Command: Executed DbCommand (1ms) [Parameters=[@___currentUserService_UserId_0='?' (DbType = Guid), @__request_Type_1='?' (Size = 20)], CommandType='"Text"', CommandTimeout='30']
SELECT COUNT(*)
FROM [LearningActivities] AS [l]
WHERE [l].[IsDeleted] = CAST(0 AS bit) AND [l].[UserId] = @___currentUserService_UserId_0 AND [l].[Type] = @__request_Type_1
[2026-07-30 20:07:32.380 +03:30 INF] [0f3113b1-3e69-4350-8935-5cbff2ae2dc1] Microsoft.EntityFrameworkCore.Database.Command: Executed DbCommand (1ms) [Parameters=[@___currentUserService_UserId_0='?' (DbType = Guid), @__request_Type_1='?' (Size = 20), @__p_2='?' (DbType = Int32), @__p_3='?' (DbType = Int32)], CommandType='"Text"', CommandTimeout='30']
SELECT [t].[Id], [t].[CourseId], [t0].[Name], [t].[Title], [t].[Type], [t].[DueDateUtc], [t].[Priority], [t].[Status], [t].[Description], [t].[ResourceLink], [t].[CompletedAtUtc], [t].[CreatedAtUtc], [t].[UpdatedAtUtc]
FROM (
    SELECT [l].[Id], [l].[CompletedAtUtc], [l].[CourseId], [l].[CreatedAtUtc], [l].[Description], [l].[DueDateUtc], [l].[Priority], [l].[ResourceLink], [l].[Status], [l].[Title], [l].[Type], [l].[UpdatedAtUtc]
    FROM [LearningActivities] AS [l]
    WHERE [l].[IsDeleted] = CAST(0 AS bit) AND [l].[UserId] = @___currentUserService_UserId_0 AND [l].[Type] = @__request_Type_1
    ORDER BY [l].[DueDateUtc]
    OFFSET @__p_2 ROWS FETCH NEXT @__p_3 ROWS ONLY
) AS [t]
INNER JOIN (
    SELECT [c].[Id], [c].[Name]
    FROM [Courses] AS [c]
    WHERE [c].[IsDeleted] = CAST(0 AS bit)
) AS [t0] ON [t].[CourseId] = [t0].[Id]
ORDER BY [t].[DueDateUtc]
[2026-07-30 20:07:32.389 +03:30 INF] [0f3113b1-3e69-4350-8935-5cbff2ae2dc1] Microsoft.AspNetCore.Mvc.Infrastructure.ControllerActionInvoker: Executed action method StudentInsights.WebApi.Controllers.LearningActivitiesController.GetLearningActivities (StudentInsights.WebApi), returned result Microsoft.AspNetCore.Mvc.OkObjectResult in 23.4446ms.
[2026-07-30 20:07:32.393 +03:30 INF] [0f3113b1-3e69-4350-8935-5cbff2ae2dc1] Microsoft.AspNetCore.Mvc.Infrastructure.ObjectResultExecutor: Executing OkObjectResult, writing value of type 'StudentInsights.Application.Common.Models.PaginatedResult`1[[StudentInsights.Application.Features.LearningActivities.DTOs.LearningActivityDto, StudentInsights.Application, Version=1.0.0.0, Culture=neutral, PublicKeyToken=null]]'.
[2026-07-30 20:07:32.395 +03:30 INF] [0f3113b1-3e69-4350-8935-5cbff2ae2dc1] Microsoft.AspNetCore.Mvc.Infrastructure.ControllerActionInvoker: Executed action StudentInsights.WebApi.Controllers.LearningActivitiesController.GetLearningActivities (StudentInsights.WebApi) in 69.1367ms
[2026-07-30 20:07:32.399 +03:30 INF] [0f3113b1-3e69-4350-8935-5cbff2ae2dc1] Microsoft.AspNetCore.Routing.EndpointMiddleware: Executed endpoint 'StudentInsights.WebApi.Controllers.LearningActivitiesController.GetLearningActivities (StudentInsights.WebApi)'
[2026-07-30 20:07:32.401 +03:30 INF] [] Microsoft.AspNetCore.Hosting.Diagnostics: Request finished HTTP/2 GET https://localhost:7167/api/learning-activities?type=1&pageNumber=1&pageSize=100 - 200 null application/json; charset=utf-8 101.0737ms
[2026-07-30 20:07:35.495 +03:30 INF] [] Microsoft.AspNetCore.Hosting.Diagnostics: Request starting HTTP/2 OPTIONS https://localhost:7167/api/courses?pageNumber=1&pageSize=100 - null null
[2026-07-30 20:07:35.495 +03:30 INF] [] Microsoft.AspNetCore.Hosting.Diagnostics: Request starting HTTP/2 OPTIONS https://localhost:7167/api/courses?pageNumber=1&pageSize=100 - null null
[2026-07-30 20:07:35.507 +03:30 INF] [006fe46e-8545-4103-aa8c-049271bf407c] Microsoft.AspNetCore.Cors.Infrastructure.CorsService: CORS policy execution successful.
[2026-07-30 20:07:35.511 +03:30 INF] [3581d09c-2cad-4adb-b783-746bb32dc185] Microsoft.AspNetCore.Cors.Infrastructure.CorsService: CORS policy execution successful.
[2026-07-30 20:07:35.514 +03:30 INF] [] Microsoft.AspNetCore.Hosting.Diagnostics: Request finished HTTP/2 OPTIONS https://localhost:7167/api/courses?pageNumber=1&pageSize=100 - 204 null null 19.4255ms
[2026-07-30 20:07:35.518 +03:30 INF] [] Microsoft.AspNetCore.Hosting.Diagnostics: Request starting HTTP/2 GET https://localhost:7167/api/courses?pageNumber=1&pageSize=100 - null null
[2026-07-30 20:07:35.519 +03:30 INF] [] Microsoft.AspNetCore.Hosting.Diagnostics: Request finished HTTP/2 OPTIONS https://localhost:7167/api/courses?pageNumber=1&pageSize=100 - 204 null null 24.6476ms
[2026-07-30 20:07:35.537 +03:30 INF] [54866dd0-2221-4eb3-893b-9602ede5792b] Microsoft.AspNetCore.Cors.Infrastructure.CorsService: CORS policy execution successful.
[2026-07-30 20:07:35.548 +03:30 INF] [54866dd0-2221-4eb3-893b-9602ede5792b] Microsoft.AspNetCore.Routing.EndpointMiddleware: Executing endpoint 'StudentInsights.WebApi.Controllers.CoursesController.GetCourses (StudentInsights.WebApi)'
[2026-07-30 20:07:35.558 +03:30 INF] [54866dd0-2221-4eb3-893b-9602ede5792b] Microsoft.AspNetCore.Mvc.Infrastructure.ControllerActionInvoker: Route matched with {action = "GetCourses", controller = "Courses"}. Executing controller action with signature System.Threading.Tasks.Task`1[Microsoft.AspNetCore.Mvc.ActionResult`1[StudentInsights.Application.Common.Models.PaginatedResult`1[StudentInsights.Application.Features.Courses.DTOs.CourseDto]]] GetCourses(StudentInsights.Application.Common.Models.PaginationParams, System.String, System.Threading.CancellationToken) on controller StudentInsights.WebApi.Controllers.CoursesController (StudentInsights.WebApi).
[2026-07-30 20:07:35.611 +03:30 INF] [54866dd0-2221-4eb3-893b-9602ede5792b] Microsoft.AspNetCore.Mvc.Infrastructure.ControllerActionInvoker: Executing action method StudentInsights.WebApi.Controllers.CoursesController.GetCourses (StudentInsights.WebApi) - Validation state: "Valid"
[2026-07-30 20:07:35.630 +03:30 INF] [54866dd0-2221-4eb3-893b-9602ede5792b] Microsoft.EntityFrameworkCore.Database.Command: Executed DbCommand (6ms) [Parameters=[@___currentUserService_UserId_0='?' (DbType = Guid)], CommandType='"Text"', CommandTimeout='30']
SELECT COUNT(*)
FROM [Courses] AS [c]
WHERE [c].[IsDeleted] = CAST(0 AS bit) AND [c].[UserId] = @___currentUserService_UserId_0
[2026-07-30 20:07:35.648 +03:30 INF] [54866dd0-2221-4eb3-893b-9602ede5792b] Microsoft.EntityFrameworkCore.Database.Command: Executed DbCommand (5ms) [Parameters=[@___currentUserService_UserId_0='?' (DbType = Guid), @__p_1='?' (DbType = Int32), @__p_2='?' (DbType = Int32)], CommandType='"Text"', CommandTimeout='30']
SELECT [c].[Id], [c].[CreatedAtUtc], [c].[Credits], [c].[DeletedAtUtc], [c].[FinalGrade], [c].[InstructorName], [c].[IsDeleted], [c].[Name], [c].[RowVersion], [c].[Semester], [c].[UpdatedAtUtc], [c].[UserId]
FROM [Courses] AS [c]
WHERE [c].[IsDeleted] = CAST(0 AS bit) AND [c].[UserId] = @___currentUserService_UserId_0
ORDER BY [c].[CreatedAtUtc] DESC
OFFSET @__p_1 ROWS FETCH NEXT @__p_2 ROWS ONLY
[2026-07-30 20:07:35.658 +03:30 INF] [54866dd0-2221-4eb3-893b-9602ede5792b] Microsoft.AspNetCore.Mvc.Infrastructure.ControllerActionInvoker: Executed action method StudentInsights.WebApi.Controllers.CoursesController.GetCourses (StudentInsights.WebApi), returned result Microsoft.AspNetCore.Mvc.OkObjectResult in 41.2714ms.
[2026-07-30 20:07:35.664 +03:30 INF] [54866dd0-2221-4eb3-893b-9602ede5792b] Microsoft.AspNetCore.Mvc.Infrastructure.ObjectResultExecutor: Executing OkObjectResult, writing value of type 'StudentInsights.Application.Common.Models.PaginatedResult`1[[StudentInsights.Application.Features.Courses.DTOs.CourseDto, StudentInsights.Application, Version=1.0.0.0, Culture=neutral, PublicKeyToken=null]]'.
[2026-07-30 20:07:35.671 +03:30 INF] [54866dd0-2221-4eb3-893b-9602ede5792b] Microsoft.AspNetCore.Mvc.Infrastructure.ControllerActionInvoker: Executed action StudentInsights.WebApi.Controllers.CoursesController.GetCourses (StudentInsights.WebApi) in 108.8302ms
[2026-07-30 20:07:35.673 +03:30 INF] [] Microsoft.AspNetCore.Hosting.Diagnostics: Request starting HTTP/2 GET https://localhost:7167/api/courses?pageNumber=1&pageSize=100 - null null
[2026-07-30 20:07:35.678 +03:30 INF] [54866dd0-2221-4eb3-893b-9602ede5792b] Microsoft.AspNetCore.Routing.EndpointMiddleware: Executed endpoint 'StudentInsights.WebApi.Controllers.CoursesController.GetCourses (StudentInsights.WebApi)'
[2026-07-30 20:07:35.683 +03:30 INF] [a2551eef-f685-4131-b424-6b5cc488ad83] Microsoft.AspNetCore.Cors.Infrastructure.CorsService: CORS policy execution successful.
[2026-07-30 20:07:35.685 +03:30 INF] [] Microsoft.AspNetCore.Hosting.Diagnostics: Request finished HTTP/2 GET https://localhost:7167/api/courses?pageNumber=1&pageSize=100 - 200 null application/json; charset=utf-8 168.259ms
[2026-07-30 20:07:35.688 +03:30 INF] [a2551eef-f685-4131-b424-6b5cc488ad83] Microsoft.AspNetCore.Routing.EndpointMiddleware: Executing endpoint 'StudentInsights.WebApi.Controllers.CoursesController.GetCourses (StudentInsights.WebApi)'
[2026-07-30 20:07:35.700 +03:30 INF] [a2551eef-f685-4131-b424-6b5cc488ad83] Microsoft.AspNetCore.Mvc.Infrastructure.ControllerActionInvoker: Route matched with {action = "GetCourses", controller = "Courses"}. Executing controller action with signature System.Threading.Tasks.Task`1[Microsoft.AspNetCore.Mvc.ActionResult`1[StudentInsights.Application.Common.Models.PaginatedResult`1[StudentInsights.Application.Features.Courses.DTOs.CourseDto]]] GetCourses(StudentInsights.Application.Common.Models.PaginationParams, System.String, System.Threading.CancellationToken) on controller StudentInsights.WebApi.Controllers.CoursesController (StudentInsights.WebApi).
[2026-07-30 20:07:35.741 +03:30 INF] [a2551eef-f685-4131-b424-6b5cc488ad83] Microsoft.AspNetCore.Mvc.Infrastructure.ControllerActionInvoker: Executing action method StudentInsights.WebApi.Controllers.CoursesController.GetCourses (StudentInsights.WebApi) - Validation state: "Valid"
[2026-07-30 20:07:35.742 +03:30 INF] [] Microsoft.AspNetCore.Hosting.Diagnostics: Request starting HTTP/2 OPTIONS https://localhost:7167/api/study-logs?pageNumber=1&pageSize=50 - null null
[2026-07-30 20:07:35.750 +03:30 INF] [a2551eef-f685-4131-b424-6b5cc488ad83] Microsoft.EntityFrameworkCore.Database.Command: Executed DbCommand (2ms) [Parameters=[@___currentUserService_UserId_0='?' (DbType = Guid)], CommandType='"Text"', CommandTimeout='30']
SELECT COUNT(*)
FROM [Courses] AS [c]
WHERE [c].[IsDeleted] = CAST(0 AS bit) AND [c].[UserId] = @___currentUserService_UserId_0
[2026-07-30 20:07:35.756 +03:30 INF] [7b451e00-a309-4b6d-b1ed-b0704b7d561d] Microsoft.AspNetCore.Cors.Infrastructure.CorsService: CORS policy execution successful.
[2026-07-30 20:07:35.765 +03:30 INF] [a2551eef-f685-4131-b424-6b5cc488ad83] Microsoft.EntityFrameworkCore.Database.Command: Executed DbCommand (2ms) [Parameters=[@___currentUserService_UserId_0='?' (DbType = Guid), @__p_1='?' (DbType = Int32), @__p_2='?' (DbType = Int32)], CommandType='"Text"', CommandTimeout='30']
SELECT [c].[Id], [c].[CreatedAtUtc], [c].[Credits], [c].[DeletedAtUtc], [c].[FinalGrade], [c].[InstructorName], [c].[IsDeleted], [c].[Name], [c].[RowVersion], [c].[Semester], [c].[UpdatedAtUtc], [c].[UserId]
FROM [Courses] AS [c]
WHERE [c].[IsDeleted] = CAST(0 AS bit) AND [c].[UserId] = @___currentUserService_UserId_0
ORDER BY [c].[CreatedAtUtc] DESC
OFFSET @__p_1 ROWS FETCH NEXT @__p_2 ROWS ONLY
[2026-07-30 20:07:35.766 +03:30 INF] [] Microsoft.AspNetCore.Hosting.Diagnostics: Request finished HTTP/2 OPTIONS https://localhost:7167/api/study-logs?pageNumber=1&pageSize=50 - 204 null null 24.441ms
[2026-07-30 20:07:35.767 +03:30 INF] [] Microsoft.AspNetCore.Hosting.Diagnostics: Request starting HTTP/2 GET https://localhost:7167/api/study-logs?pageNumber=1&pageSize=50 - null null
[2026-07-30 20:07:35.773 +03:30 INF] [a2551eef-f685-4131-b424-6b5cc488ad83] Microsoft.AspNetCore.Mvc.Infrastructure.ControllerActionInvoker: Executed action method StudentInsights.WebApi.Controllers.CoursesController.GetCourses (StudentInsights.WebApi), returned result Microsoft.AspNetCore.Mvc.OkObjectResult in 26.7928ms.
[2026-07-30 20:07:35.788 +03:30 INF] [ff6b8f07-06b6-432f-8884-f31b999ee438] Microsoft.AspNetCore.Cors.Infrastructure.CorsService: CORS policy execution successful.
[2026-07-30 20:07:35.793 +03:30 INF] [a2551eef-f685-4131-b424-6b5cc488ad83] Microsoft.AspNetCore.Mvc.Infrastructure.ObjectResultExecutor: Executing OkObjectResult, writing value of type 'StudentInsights.Application.Common.Models.PaginatedResult`1[[StudentInsights.Application.Features.Courses.DTOs.CourseDto, StudentInsights.Application, Version=1.0.0.0, Culture=neutral, PublicKeyToken=null]]'.
[2026-07-30 20:07:35.795 +03:30 INF] [ff6b8f07-06b6-432f-8884-f31b999ee438] Microsoft.AspNetCore.Routing.EndpointMiddleware: Executing endpoint 'StudentInsights.WebApi.Controllers.StudyLogsController.GetStudyLogs (StudentInsights.WebApi)'
[2026-07-30 20:07:35.799 +03:30 INF] [a2551eef-f685-4131-b424-6b5cc488ad83] Microsoft.AspNetCore.Mvc.Infrastructure.ControllerActionInvoker: Executed action StudentInsights.WebApi.Controllers.CoursesController.GetCourses (StudentInsights.WebApi) in 91.0123ms
[2026-07-30 20:07:35.807 +03:30 INF] [ff6b8f07-06b6-432f-8884-f31b999ee438] Microsoft.AspNetCore.Mvc.Infrastructure.ControllerActionInvoker: Route matched with {action = "GetStudyLogs", controller = "StudyLogs"}. Executing controller action with signature System.Threading.Tasks.Task`1[Microsoft.AspNetCore.Mvc.ActionResult`1[StudentInsights.Application.Common.Models.PaginatedResult`1[StudentInsights.Application.Features.StudyLogs.DTOs.StudyLogDto]]] GetStudyLogs(StudentInsights.Application.Common.Models.PaginationParams, System.Nullable`1[System.Guid], System.String, System.Nullable`1[System.DateTime], System.Nullable`1[System.DateTime], System.Threading.CancellationToken) on controller StudentInsights.WebApi.Controllers.StudyLogsController (StudentInsights.WebApi).
[2026-07-30 20:07:35.807 +03:30 INF] [a2551eef-f685-4131-b424-6b5cc488ad83] Microsoft.AspNetCore.Routing.EndpointMiddleware: Executed endpoint 'StudentInsights.WebApi.Controllers.CoursesController.GetCourses (StudentInsights.WebApi)'
[2026-07-30 20:07:35.816 +03:30 INF] [] Microsoft.AspNetCore.Hosting.Diagnostics: Request finished HTTP/2 GET https://localhost:7167/api/courses?pageNumber=1&pageSize=100 - 200 null application/json; charset=utf-8 142.9409ms
[2026-07-30 20:07:35.842 +03:30 INF] [ff6b8f07-06b6-432f-8884-f31b999ee438] Microsoft.AspNetCore.Mvc.Infrastructure.ControllerActionInvoker: Executing action method StudentInsights.WebApi.Controllers.StudyLogsController.GetStudyLogs (StudentInsights.WebApi) - Validation state: "Valid"
[2026-07-30 20:07:35.876 +03:30 INF] [ff6b8f07-06b6-432f-8884-f31b999ee438] Microsoft.EntityFrameworkCore.Database.Command: Executed DbCommand (4ms) [Parameters=[@___currentUserService_UserId_0='?' (DbType = Guid)], CommandType='"Text"', CommandTimeout='30']
SELECT COUNT(*)
FROM [StudyLogs] AS [s]
WHERE [s].[IsDeleted] = CAST(0 AS bit) AND [s].[UserId] = @___currentUserService_UserId_0
[2026-07-30 20:07:35.906 +03:30 INF] [ff6b8f07-06b6-432f-8884-f31b999ee438] Microsoft.EntityFrameworkCore.Database.Command: Executed DbCommand (8ms) [Parameters=[@___currentUserService_UserId_0='?' (DbType = Guid), @__p_1='?' (DbType = Int32), @__p_2='?' (DbType = Int32)], CommandType='"Text"', CommandTimeout='30']
SELECT [t].[Id], [t].[CourseId], [t].[CreatedAtUtc], [t].[DeletedAtUtc], [t].[DurationMinutes], [t].[IsDeleted], [t].[Notes], [t].[RowVersion], [t].[StudyDateUtc], [t].[UpdatedAtUtc], [t].[UserId], [t0].[Id], [t0].[CreatedAtUtc], [t0].[Credits], [t0].[DeletedAtUtc], [t0].[FinalGrade], [t0].[InstructorName], [t0].[IsDeleted], [t0].[Name], [t0].[RowVersion], [t0].[Semester], [t0].[UpdatedAtUtc], [t0].[UserId]
FROM (
    SELECT [s].[Id], [s].[CourseId], [s].[CreatedAtUtc], [s].[DeletedAtUtc], [s].[DurationMinutes], [s].[IsDeleted], [s].[Notes], [s].[RowVersion], [s].[StudyDateUtc], [s].[UpdatedAtUtc], [s].[UserId]
    FROM [StudyLogs] AS [s]
    WHERE [s].[IsDeleted] = CAST(0 AS bit) AND [s].[UserId] = @___currentUserService_UserId_0
    ORDER BY [s].[StudyDateUtc] DESC
    OFFSET @__p_1 ROWS FETCH NEXT @__p_2 ROWS ONLY
) AS [t]
INNER JOIN (
    SELECT [c].[Id], [c].[CreatedAtUtc], [c].[Credits], [c].[DeletedAtUtc], [c].[FinalGrade], [c].[InstructorName], [c].[IsDeleted], [c].[Name], [c].[RowVersion], [c].[Semester], [c].[UpdatedAtUtc], [c].[UserId]
    FROM [Courses] AS [c]
    WHERE [c].[IsDeleted] = CAST(0 AS bit)
) AS [t0] ON [t].[CourseId] = [t0].[Id]
ORDER BY [t].[StudyDateUtc] DESC
[2026-07-30 20:07:35.916 +03:30 INF] [ff6b8f07-06b6-432f-8884-f31b999ee438] Microsoft.AspNetCore.Mvc.Infrastructure.ControllerActionInvoker: Executed action method StudentInsights.WebApi.Controllers.StudyLogsController.GetStudyLogs (StudentInsights.WebApi), returned result Microsoft.AspNetCore.Mvc.OkObjectResult in 58.7481ms.
[2026-07-30 20:07:35.922 +03:30 INF] [ff6b8f07-06b6-432f-8884-f31b999ee438] Microsoft.AspNetCore.Mvc.Infrastructure.ObjectResultExecutor: Executing OkObjectResult, writing value of type 'StudentInsights.Application.Common.Models.PaginatedResult`1[[StudentInsights.Application.Features.StudyLogs.DTOs.StudyLogDto, StudentInsights.Application, Version=1.0.0.0, Culture=neutral, PublicKeyToken=null]]'.
[2026-07-30 20:07:35.931 +03:30 INF] [ff6b8f07-06b6-432f-8884-f31b999ee438] Microsoft.AspNetCore.Mvc.Infrastructure.ControllerActionInvoker: Executed action StudentInsights.WebApi.Controllers.StudyLogsController.GetStudyLogs (StudentInsights.WebApi) in 120.0246ms
[2026-07-30 20:07:35.935 +03:30 INF] [] Microsoft.AspNetCore.Hosting.Diagnostics: Request starting HTTP/2 GET https://localhost:7167/api/study-logs?pageNumber=1&pageSize=50 - null null
[2026-07-30 20:07:35.938 +03:30 INF] [ff6b8f07-06b6-432f-8884-f31b999ee438] Microsoft.AspNetCore.Routing.EndpointMiddleware: Executed endpoint 'StudentInsights.WebApi.Controllers.StudyLogsController.GetStudyLogs (StudentInsights.WebApi)'
[2026-07-30 20:07:35.947 +03:30 INF] [a6bb7504-c838-4eca-82a3-ea700a56ea4a] Microsoft.AspNetCore.Cors.Infrastructure.CorsService: CORS policy execution successful.
[2026-07-30 20:07:35.950 +03:30 INF] [] Microsoft.AspNetCore.Hosting.Diagnostics: Request finished HTTP/2 GET https://localhost:7167/api/study-logs?pageNumber=1&pageSize=50 - 200 null application/json; charset=utf-8 182.846ms
[2026-07-30 20:07:35.954 +03:30 INF] [a6bb7504-c838-4eca-82a3-ea700a56ea4a] Microsoft.AspNetCore.Routing.EndpointMiddleware: Executing endpoint 'StudentInsights.WebApi.Controllers.StudyLogsController.GetStudyLogs (StudentInsights.WebApi)'
[2026-07-30 20:07:35.964 +03:30 INF] [a6bb7504-c838-4eca-82a3-ea700a56ea4a] Microsoft.AspNetCore.Mvc.Infrastructure.ControllerActionInvoker: Route matched with {action = "GetStudyLogs", controller = "StudyLogs"}. Executing controller action with signature System.Threading.Tasks.Task`1[Microsoft.AspNetCore.Mvc.ActionResult`1[StudentInsights.Application.Common.Models.PaginatedResult`1[StudentInsights.Application.Features.StudyLogs.DTOs.StudyLogDto]]] GetStudyLogs(StudentInsights.Application.Common.Models.PaginationParams, System.Nullable`1[System.Guid], System.String, System.Nullable`1[System.DateTime], System.Nullable`1[System.DateTime], System.Threading.CancellationToken) on controller StudentInsights.WebApi.Controllers.StudyLogsController (StudentInsights.WebApi).
[2026-07-30 20:07:36.015 +03:30 INF] [a6bb7504-c838-4eca-82a3-ea700a56ea4a] Microsoft.AspNetCore.Mvc.Infrastructure.ControllerActionInvoker: Executing action method StudentInsights.WebApi.Controllers.StudyLogsController.GetStudyLogs (StudentInsights.WebApi) - Validation state: "Valid"
[2026-07-30 20:07:36.025 +03:30 INF] [a6bb7504-c838-4eca-82a3-ea700a56ea4a] Microsoft.EntityFrameworkCore.Database.Command: Executed DbCommand (2ms) [Parameters=[@___currentUserService_UserId_0='?' (DbType = Guid)], CommandType='"Text"', CommandTimeout='30']
SELECT COUNT(*)
FROM [StudyLogs] AS [s]
WHERE [s].[IsDeleted] = CAST(0 AS bit) AND [s].[UserId] = @___currentUserService_UserId_0
[2026-07-30 20:07:36.037 +03:30 INF] [a6bb7504-c838-4eca-82a3-ea700a56ea4a] Microsoft.EntityFrameworkCore.Database.Command: Executed DbCommand (2ms) [Parameters=[@___currentUserService_UserId_0='?' (DbType = Guid), @__p_1='?' (DbType = Int32), @__p_2='?' (DbType = Int32)], CommandType='"Text"', CommandTimeout='30']
SELECT [t].[Id], [t].[CourseId], [t].[CreatedAtUtc], [t].[DeletedAtUtc], [t].[DurationMinutes], [t].[IsDeleted], [t].[Notes], [t].[RowVersion], [t].[StudyDateUtc], [t].[UpdatedAtUtc], [t].[UserId], [t0].[Id], [t0].[CreatedAtUtc], [t0].[Credits], [t0].[DeletedAtUtc], [t0].[FinalGrade], [t0].[InstructorName], [t0].[IsDeleted], [t0].[Name], [t0].[RowVersion], [t0].[Semester], [t0].[UpdatedAtUtc], [t0].[UserId]
FROM (
    SELECT [s].[Id], [s].[CourseId], [s].[CreatedAtUtc], [s].[DeletedAtUtc], [s].[DurationMinutes], [s].[IsDeleted], [s].[Notes], [s].[RowVersion], [s].[StudyDateUtc], [s].[UpdatedAtUtc], [s].[UserId]
    FROM [StudyLogs] AS [s]
    WHERE [s].[IsDeleted] = CAST(0 AS bit) AND [s].[UserId] = @___currentUserService_UserId_0
    ORDER BY [s].[StudyDateUtc] DESC
    OFFSET @__p_1 ROWS FETCH NEXT @__p_2 ROWS ONLY
) AS [t]
INNER JOIN (
    SELECT [c].[Id], [c].[CreatedAtUtc], [c].[Credits], [c].[DeletedAtUtc], [c].[FinalGrade], [c].[InstructorName], [c].[IsDeleted], [c].[Name], [c].[RowVersion], [c].[Semester], [c].[UpdatedAtUtc], [c].[UserId]
    FROM [Courses] AS [c]
    WHERE [c].[IsDeleted] = CAST(0 AS bit)
) AS [t0] ON [t].[CourseId] = [t0].[Id]
ORDER BY [t].[StudyDateUtc] DESC
[2026-07-30 20:07:36.046 +03:30 INF] [a6bb7504-c838-4eca-82a3-ea700a56ea4a] Microsoft.AspNetCore.Mvc.Infrastructure.ControllerActionInvoker: Executed action method StudentInsights.WebApi.Controllers.StudyLogsController.GetStudyLogs (StudentInsights.WebApi), returned result Microsoft.AspNetCore.Mvc.OkObjectResult in 25.0131ms.
[2026-07-30 20:07:36.052 +03:30 INF] [a6bb7504-c838-4eca-82a3-ea700a56ea4a] Microsoft.AspNetCore.Mvc.Infrastructure.ObjectResultExecutor: Executing OkObjectResult, writing value of type 'StudentInsights.Application.Common.Models.PaginatedResult`1[[StudentInsights.Application.Features.StudyLogs.DTOs.StudyLogDto, StudentInsights.Application, Version=1.0.0.0, Culture=neutral, PublicKeyToken=null]]'.
[2026-07-30 20:07:36.057 +03:30 INF] [a6bb7504-c838-4eca-82a3-ea700a56ea4a] Microsoft.AspNetCore.Mvc.Infrastructure.ControllerActionInvoker: Executed action StudentInsights.WebApi.Controllers.StudyLogsController.GetStudyLogs (StudentInsights.WebApi) in 89.2514ms
[2026-07-30 20:07:36.062 +03:30 INF] [a6bb7504-c838-4eca-82a3-ea700a56ea4a] Microsoft.AspNetCore.Routing.EndpointMiddleware: Executed endpoint 'StudentInsights.WebApi.Controllers.StudyLogsController.GetStudyLogs (StudentInsights.WebApi)'
[2026-07-30 20:07:36.067 +03:30 INF] [] Microsoft.AspNetCore.Hosting.Diagnostics: Request finished HTTP/2 GET https://localhost:7167/api/study-logs?pageNumber=1&pageSize=50 - 200 null application/json; charset=utf-8 132.4192ms
[2026-07-30 20:07:38.690 +03:30 INF] [] Microsoft.AspNetCore.Hosting.Diagnostics: Request starting HTTP/2 GET https://localhost:7167/api/courses?pageNumber=1&pageSize=100 - null null
[2026-07-30 20:07:38.698 +03:30 INF] [09179bf1-ced6-4953-bb3c-61c9bb9dea30] Microsoft.AspNetCore.Cors.Infrastructure.CorsService: CORS policy execution successful.
[2026-07-30 20:07:38.703 +03:30 INF] [09179bf1-ced6-4953-bb3c-61c9bb9dea30] Microsoft.AspNetCore.Routing.EndpointMiddleware: Executing endpoint 'StudentInsights.WebApi.Controllers.CoursesController.GetCourses (StudentInsights.WebApi)'
[2026-07-30 20:07:38.707 +03:30 INF] [09179bf1-ced6-4953-bb3c-61c9bb9dea30] Microsoft.AspNetCore.Mvc.Infrastructure.ControllerActionInvoker: Route matched with {action = "GetCourses", controller = "Courses"}. Executing controller action with signature System.Threading.Tasks.Task`1[Microsoft.AspNetCore.Mvc.ActionResult`1[StudentInsights.Application.Common.Models.PaginatedResult`1[StudentInsights.Application.Features.Courses.DTOs.CourseDto]]] GetCourses(StudentInsights.Application.Common.Models.PaginationParams, System.String, System.Threading.CancellationToken) on controller StudentInsights.WebApi.Controllers.CoursesController (StudentInsights.WebApi).
[2026-07-30 20:07:38.767 +03:30 INF] [09179bf1-ced6-4953-bb3c-61c9bb9dea30] Microsoft.AspNetCore.Mvc.Infrastructure.ControllerActionInvoker: Executing action method StudentInsights.WebApi.Controllers.CoursesController.GetCourses (StudentInsights.WebApi) - Validation state: "Valid"
[2026-07-30 20:07:38.778 +03:30 INF] [09179bf1-ced6-4953-bb3c-61c9bb9dea30] Microsoft.EntityFrameworkCore.Database.Command: Executed DbCommand (3ms) [Parameters=[@___currentUserService_UserId_0='?' (DbType = Guid)], CommandType='"Text"', CommandTimeout='30']
SELECT COUNT(*)
FROM [Courses] AS [c]
WHERE [c].[IsDeleted] = CAST(0 AS bit) AND [c].[UserId] = @___currentUserService_UserId_0
[2026-07-30 20:07:38.791 +03:30 INF] [09179bf1-ced6-4953-bb3c-61c9bb9dea30] Microsoft.EntityFrameworkCore.Database.Command: Executed DbCommand (2ms) [Parameters=[@___currentUserService_UserId_0='?' (DbType = Guid), @__p_1='?' (DbType = Int32), @__p_2='?' (DbType = Int32)], CommandType='"Text"', CommandTimeout='30']
SELECT [c].[Id], [c].[CreatedAtUtc], [c].[Credits], [c].[DeletedAtUtc], [c].[FinalGrade], [c].[InstructorName], [c].[IsDeleted], [c].[Name], [c].[RowVersion], [c].[Semester], [c].[UpdatedAtUtc], [c].[UserId]
FROM [Courses] AS [c]
WHERE [c].[IsDeleted] = CAST(0 AS bit) AND [c].[UserId] = @___currentUserService_UserId_0
ORDER BY [c].[CreatedAtUtc] DESC
OFFSET @__p_1 ROWS FETCH NEXT @__p_2 ROWS ONLY
[2026-07-30 20:07:38.798 +03:30 INF] [09179bf1-ced6-4953-bb3c-61c9bb9dea30] Microsoft.AspNetCore.Mvc.Infrastructure.ControllerActionInvoker: Executed action method StudentInsights.WebApi.Controllers.CoursesController.GetCourses (StudentInsights.WebApi), returned result Microsoft.AspNetCore.Mvc.OkObjectResult in 25.8321ms.
[2026-07-30 20:07:38.804 +03:30 INF] [09179bf1-ced6-4953-bb3c-61c9bb9dea30] Microsoft.AspNetCore.Mvc.Infrastructure.ObjectResultExecutor: Executing OkObjectResult, writing value of type 'StudentInsights.Application.Common.Models.PaginatedResult`1[[StudentInsights.Application.Features.Courses.DTOs.CourseDto, StudentInsights.Application, Version=1.0.0.0, Culture=neutral, PublicKeyToken=null]]'.
[2026-07-30 20:07:38.810 +03:30 INF] [09179bf1-ced6-4953-bb3c-61c9bb9dea30] Microsoft.AspNetCore.Mvc.Infrastructure.ControllerActionInvoker: Executed action StudentInsights.WebApi.Controllers.CoursesController.GetCourses (StudentInsights.WebApi) in 96.5581ms
[2026-07-30 20:07:38.813 +03:30 INF] [] Microsoft.AspNetCore.Hosting.Diagnostics: Request starting HTTP/2 GET https://localhost:7167/api/courses?pageNumber=1&pageSize=100 - null null
[2026-07-30 20:07:38.816 +03:30 INF] [09179bf1-ced6-4953-bb3c-61c9bb9dea30] Microsoft.AspNetCore.Routing.EndpointMiddleware: Executed endpoint 'StudentInsights.WebApi.Controllers.CoursesController.GetCourses (StudentInsights.WebApi)'
[2026-07-30 20:07:38.824 +03:30 INF] [124af6cb-6d07-4f3e-96fe-7758d7c2b792] Microsoft.AspNetCore.Cors.Infrastructure.CorsService: CORS policy execution successful.
[2026-07-30 20:07:38.828 +03:30 INF] [] Microsoft.AspNetCore.Hosting.Diagnostics: Request finished HTTP/2 GET https://localhost:7167/api/courses?pageNumber=1&pageSize=100 - 200 null application/json; charset=utf-8 138.1859ms
[2026-07-30 20:07:38.830 +03:30 INF] [124af6cb-6d07-4f3e-96fe-7758d7c2b792] Microsoft.AspNetCore.Routing.EndpointMiddleware: Executing endpoint 'StudentInsights.WebApi.Controllers.CoursesController.GetCourses (StudentInsights.WebApi)'
[2026-07-30 20:07:38.842 +03:30 INF] [124af6cb-6d07-4f3e-96fe-7758d7c2b792] Microsoft.AspNetCore.Mvc.Infrastructure.ControllerActionInvoker: Route matched with {action = "GetCourses", controller = "Courses"}. Executing controller action with signature System.Threading.Tasks.Task`1[Microsoft.AspNetCore.Mvc.ActionResult`1[StudentInsights.Application.Common.Models.PaginatedResult`1[StudentInsights.Application.Features.Courses.DTOs.CourseDto]]] GetCourses(StudentInsights.Application.Common.Models.PaginationParams, System.String, System.Threading.CancellationToken) on controller StudentInsights.WebApi.Controllers.CoursesController (StudentInsights.WebApi).
[2026-07-30 20:07:38.885 +03:30 INF] [124af6cb-6d07-4f3e-96fe-7758d7c2b792] Microsoft.AspNetCore.Mvc.Infrastructure.ControllerActionInvoker: Executing action method StudentInsights.WebApi.Controllers.CoursesController.GetCourses (StudentInsights.WebApi) - Validation state: "Valid"
[2026-07-30 20:07:38.885 +03:30 INF] [] Microsoft.AspNetCore.Hosting.Diagnostics: Request starting HTTP/2 OPTIONS https://localhost:7167/api/learning-activities?pageNumber=1&pageSize=50 - null null
[2026-07-30 20:07:38.893 +03:30 INF] [124af6cb-6d07-4f3e-96fe-7758d7c2b792] Microsoft.EntityFrameworkCore.Database.Command: Executed DbCommand (2ms) [Parameters=[@___currentUserService_UserId_0='?' (DbType = Guid)], CommandType='"Text"', CommandTimeout='30']
SELECT COUNT(*)
FROM [Courses] AS [c]
WHERE [c].[IsDeleted] = CAST(0 AS bit) AND [c].[UserId] = @___currentUserService_UserId_0
[2026-07-30 20:07:38.901 +03:30 INF] [840c6551-d14b-4ad8-9d0c-24f35adb2e82] Microsoft.AspNetCore.Cors.Infrastructure.CorsService: CORS policy execution successful.
[2026-07-30 20:07:38.910 +03:30 INF] [124af6cb-6d07-4f3e-96fe-7758d7c2b792] Microsoft.EntityFrameworkCore.Database.Command: Executed DbCommand (1ms) [Parameters=[@___currentUserService_UserId_0='?' (DbType = Guid), @__p_1='?' (DbType = Int32), @__p_2='?' (DbType = Int32)], CommandType='"Text"', CommandTimeout='30']
SELECT [c].[Id], [c].[CreatedAtUtc], [c].[Credits], [c].[DeletedAtUtc], [c].[FinalGrade], [c].[InstructorName], [c].[IsDeleted], [c].[Name], [c].[RowVersion], [c].[Semester], [c].[UpdatedAtUtc], [c].[UserId]
FROM [Courses] AS [c]
WHERE [c].[IsDeleted] = CAST(0 AS bit) AND [c].[UserId] = @___currentUserService_UserId_0
ORDER BY [c].[CreatedAtUtc] DESC
OFFSET @__p_1 ROWS FETCH NEXT @__p_2 ROWS ONLY
[2026-07-30 20:07:38.918 +03:30 INF] [] Microsoft.AspNetCore.Hosting.Diagnostics: Request starting HTTP/2 GET https://localhost:7167/api/learning-activities?pageNumber=1&pageSize=50 - null null
[2026-07-30 20:07:38.913 +03:30 INF] [] Microsoft.AspNetCore.Hosting.Diagnostics: Request finished HTTP/2 OPTIONS https://localhost:7167/api/learning-activities?pageNumber=1&pageSize=50 - 204 null null 27.7383ms
[2026-07-30 20:07:38.920 +03:30 INF] [124af6cb-6d07-4f3e-96fe-7758d7c2b792] Microsoft.AspNetCore.Mvc.Infrastructure.ControllerActionInvoker: Executed action method StudentInsights.WebApi.Controllers.CoursesController.GetCourses (StudentInsights.WebApi), returned result Microsoft.AspNetCore.Mvc.OkObjectResult in 30.4556ms.
[2026-07-30 20:07:38.925 +03:30 INF] [19585edc-c0fc-48fb-8b2d-ee10e006735a] Microsoft.AspNetCore.Cors.Infrastructure.CorsService: CORS policy execution successful.
[2026-07-30 20:07:38.938 +03:30 INF] [124af6cb-6d07-4f3e-96fe-7758d7c2b792] Microsoft.AspNetCore.Mvc.Infrastructure.ObjectResultExecutor: Executing OkObjectResult, writing value of type 'StudentInsights.Application.Common.Models.PaginatedResult`1[[StudentInsights.Application.Features.Courses.DTOs.CourseDto, StudentInsights.Application, Version=1.0.0.0, Culture=neutral, PublicKeyToken=null]]'.
[2026-07-30 20:07:38.940 +03:30 INF] [19585edc-c0fc-48fb-8b2d-ee10e006735a] Microsoft.AspNetCore.Routing.EndpointMiddleware: Executing endpoint 'StudentInsights.WebApi.Controllers.LearningActivitiesController.GetLearningActivities (StudentInsights.WebApi)'
[2026-07-30 20:07:38.942 +03:30 INF] [124af6cb-6d07-4f3e-96fe-7758d7c2b792] Microsoft.AspNetCore.Mvc.Infrastructure.ControllerActionInvoker: Executed action StudentInsights.WebApi.Controllers.CoursesController.GetCourses (StudentInsights.WebApi) in 95.9269ms
[2026-07-30 20:07:38.945 +03:30 INF] [19585edc-c0fc-48fb-8b2d-ee10e006735a] Microsoft.AspNetCore.Mvc.Infrastructure.ControllerActionInvoker: Route matched with {action = "GetLearningActivities", controller = "LearningActivities"}. Executing controller action with signature System.Threading.Tasks.Task`1[Microsoft.AspNetCore.Mvc.ActionResult`1[StudentInsights.Application.Common.Models.PaginatedResult`1[StudentInsights.Application.Features.LearningActivities.DTOs.LearningActivityDto]]] GetLearningActivities(System.Nullable`1[System.Guid], System.String, System.Nullable`1[StudentInsights.Domain.Enums.ActivityStatus], System.Nullable`1[StudentInsights.Domain.Enums.ActivityType], StudentInsights.Application.Common.Models.PaginationParams, System.Threading.CancellationToken) on controller StudentInsights.WebApi.Controllers.LearningActivitiesController (StudentInsights.WebApi).
[2026-07-30 20:07:38.950 +03:30 INF] [124af6cb-6d07-4f3e-96fe-7758d7c2b792] Microsoft.AspNetCore.Routing.EndpointMiddleware: Executed endpoint 'StudentInsights.WebApi.Controllers.CoursesController.GetCourses (StudentInsights.WebApi)'
[2026-07-30 20:07:38.994 +03:30 INF] [19585edc-c0fc-48fb-8b2d-ee10e006735a] Microsoft.AspNetCore.Mvc.Infrastructure.ControllerActionInvoker: Executing action method StudentInsights.WebApi.Controllers.LearningActivitiesController.GetLearningActivities (StudentInsights.WebApi) - Validation state: "Valid"
[2026-07-30 20:07:38.995 +03:30 INF] [] Microsoft.AspNetCore.Hosting.Diagnostics: Request finished HTTP/2 GET https://localhost:7167/api/courses?pageNumber=1&pageSize=100 - 200 null application/json; charset=utf-8 183.5078ms
[2026-07-30 20:07:39.012 +03:30 INF] [19585edc-c0fc-48fb-8b2d-ee10e006735a] Microsoft.EntityFrameworkCore.Database.Command: Executed DbCommand (7ms) [Parameters=[@___currentUserService_UserId_0='?' (DbType = Guid)], CommandType='"Text"', CommandTimeout='30']
SELECT COUNT(*)
FROM [LearningActivities] AS [l]
WHERE [l].[IsDeleted] = CAST(0 AS bit) AND [l].[UserId] = @___currentUserService_UserId_0
[2026-07-30 20:07:39.033 +03:30 INF] [19585edc-c0fc-48fb-8b2d-ee10e006735a] Microsoft.EntityFrameworkCore.Database.Command: Executed DbCommand (6ms) [Parameters=[@___currentUserService_UserId_0='?' (DbType = Guid), @__p_1='?' (DbType = Int32), @__p_2='?' (DbType = Int32)], CommandType='"Text"', CommandTimeout='30']
SELECT [t].[Id], [t].[CourseId], [t0].[Name], [t].[Title], [t].[Type], [t].[DueDateUtc], [t].[Priority], [t].[Status], [t].[Description], [t].[ResourceLink], [t].[CompletedAtUtc], [t].[CreatedAtUtc], [t].[UpdatedAtUtc]
FROM (
    SELECT [l].[Id], [l].[CompletedAtUtc], [l].[CourseId], [l].[CreatedAtUtc], [l].[Description], [l].[DueDateUtc], [l].[Priority], [l].[ResourceLink], [l].[Status], [l].[Title], [l].[Type], [l].[UpdatedAtUtc]
    FROM [LearningActivities] AS [l]
    WHERE [l].[IsDeleted] = CAST(0 AS bit) AND [l].[UserId] = @___currentUserService_UserId_0
    ORDER BY [l].[DueDateUtc]
    OFFSET @__p_1 ROWS FETCH NEXT @__p_2 ROWS ONLY
) AS [t]
INNER JOIN (
    SELECT [c].[Id], [c].[Name]
    FROM [Courses] AS [c]
    WHERE [c].[IsDeleted] = CAST(0 AS bit)
) AS [t0] ON [t].[CourseId] = [t0].[Id]
ORDER BY [t].[DueDateUtc]
[2026-07-30 20:07:39.042 +03:30 INF] [19585edc-c0fc-48fb-8b2d-ee10e006735a] Microsoft.AspNetCore.Mvc.Infrastructure.ControllerActionInvoker: Executed action method StudentInsights.WebApi.Controllers.LearningActivitiesController.GetLearningActivities (StudentInsights.WebApi), returned result Microsoft.AspNetCore.Mvc.OkObjectResult in 42.7217ms.
[2026-07-30 20:07:39.048 +03:30 INF] [19585edc-c0fc-48fb-8b2d-ee10e006735a] Microsoft.AspNetCore.Mvc.Infrastructure.ObjectResultExecutor: Executing OkObjectResult, writing value of type 'StudentInsights.Application.Common.Models.PaginatedResult`1[[StudentInsights.Application.Features.LearningActivities.DTOs.LearningActivityDto, StudentInsights.Application, Version=1.0.0.0, Culture=neutral, PublicKeyToken=null]]'.
[2026-07-30 20:07:39.053 +03:30 INF] [19585edc-c0fc-48fb-8b2d-ee10e006735a] Microsoft.AspNetCore.Mvc.Infrastructure.ControllerActionInvoker: Executed action StudentInsights.WebApi.Controllers.LearningActivitiesController.GetLearningActivities (StudentInsights.WebApi) in 96.9978ms
[2026-07-30 20:07:39.057 +03:30 INF] [19585edc-c0fc-48fb-8b2d-ee10e006735a] Microsoft.AspNetCore.Routing.EndpointMiddleware: Executed endpoint 'StudentInsights.WebApi.Controllers.LearningActivitiesController.GetLearningActivities (StudentInsights.WebApi)'
[2026-07-30 20:07:39.058 +03:30 INF] [] Microsoft.AspNetCore.Hosting.Diagnostics: Request starting HTTP/2 GET https://localhost:7167/api/learning-activities?pageNumber=1&pageSize=50 - null null
[2026-07-30 20:07:39.063 +03:30 INF] [] Microsoft.AspNetCore.Hosting.Diagnostics: Request finished HTTP/2 GET https://localhost:7167/api/learning-activities?pageNumber=1&pageSize=50 - 200 null application/json; charset=utf-8 145.3345ms
[2026-07-30 20:07:39.070 +03:30 INF] [fed09fdc-840a-48f0-bde1-d0573bc28167] Microsoft.AspNetCore.Cors.Infrastructure.CorsService: CORS policy execution successful.
[2026-07-30 20:07:39.081 +03:30 INF] [fed09fdc-840a-48f0-bde1-d0573bc28167] Microsoft.AspNetCore.Routing.EndpointMiddleware: Executing endpoint 'StudentInsights.WebApi.Controllers.LearningActivitiesController.GetLearningActivities (StudentInsights.WebApi)'
[2026-07-30 20:07:39.085 +03:30 INF] [fed09fdc-840a-48f0-bde1-d0573bc28167] Microsoft.AspNetCore.Mvc.Infrastructure.ControllerActionInvoker: Route matched with {action = "GetLearningActivities", controller = "LearningActivities"}. Executing controller action with signature System.Threading.Tasks.Task`1[Microsoft.AspNetCore.Mvc.ActionResult`1[StudentInsights.Application.Common.Models.PaginatedResult`1[StudentInsights.Application.Features.LearningActivities.DTOs.LearningActivityDto]]] GetLearningActivities(System.Nullable`1[System.Guid], System.String, System.Nullable`1[StudentInsights.Domain.Enums.ActivityStatus], System.Nullable`1[StudentInsights.Domain.Enums.ActivityType], StudentInsights.Application.Common.Models.PaginationParams, System.Threading.CancellationToken) on controller StudentInsights.WebApi.Controllers.LearningActivitiesController (StudentInsights.WebApi).
[2026-07-30 20:07:39.141 +03:30 INF] [fed09fdc-840a-48f0-bde1-d0573bc28167] Microsoft.AspNetCore.Mvc.Infrastructure.ControllerActionInvoker: Executing action method StudentInsights.WebApi.Controllers.LearningActivitiesController.GetLearningActivities (StudentInsights.WebApi) - Validation state: "Valid"
[2026-07-30 20:07:39.148 +03:30 INF] [fed09fdc-840a-48f0-bde1-d0573bc28167] Microsoft.EntityFrameworkCore.Database.Command: Executed DbCommand (1ms) [Parameters=[@___currentUserService_UserId_0='?' (DbType = Guid)], CommandType='"Text"', CommandTimeout='30']
SELECT COUNT(*)
FROM [LearningActivities] AS [l]
WHERE [l].[IsDeleted] = CAST(0 AS bit) AND [l].[UserId] = @___currentUserService_UserId_0
[2026-07-30 20:07:39.159 +03:30 INF] [fed09fdc-840a-48f0-bde1-d0573bc28167] Microsoft.EntityFrameworkCore.Database.Command: Executed DbCommand (1ms) [Parameters=[@___currentUserService_UserId_0='?' (DbType = Guid), @__p_1='?' (DbType = Int32), @__p_2='?' (DbType = Int32)], CommandType='"Text"', CommandTimeout='30']
SELECT [t].[Id], [t].[CourseId], [t0].[Name], [t].[Title], [t].[Type], [t].[DueDateUtc], [t].[Priority], [t].[Status], [t].[Description], [t].[ResourceLink], [t].[CompletedAtUtc], [t].[CreatedAtUtc], [t].[UpdatedAtUtc]
FROM (
    SELECT [l].[Id], [l].[CompletedAtUtc], [l].[CourseId], [l].[CreatedAtUtc], [l].[Description], [l].[DueDateUtc], [l].[Priority], [l].[ResourceLink], [l].[Status], [l].[Title], [l].[Type], [l].[UpdatedAtUtc]
    FROM [LearningActivities] AS [l]
    WHERE [l].[IsDeleted] = CAST(0 AS bit) AND [l].[UserId] = @___currentUserService_UserId_0
    ORDER BY [l].[DueDateUtc]
    OFFSET @__p_1 ROWS FETCH NEXT @__p_2 ROWS ONLY
) AS [t]
INNER JOIN (
    SELECT [c].[Id], [c].[Name]
    FROM [Courses] AS [c]
    WHERE [c].[IsDeleted] = CAST(0 AS bit)
) AS [t0] ON [t].[CourseId] = [t0].[Id]
ORDER BY [t].[DueDateUtc]
[2026-07-30 20:07:39.167 +03:30 INF] [fed09fdc-840a-48f0-bde1-d0573bc28167] Microsoft.AspNetCore.Mvc.Infrastructure.ControllerActionInvoker: Executed action method StudentInsights.WebApi.Controllers.LearningActivitiesController.GetLearningActivities (StudentInsights.WebApi), returned result Microsoft.AspNetCore.Mvc.OkObjectResult in 21.278ms.
[2026-07-30 20:07:39.174 +03:30 INF] [fed09fdc-840a-48f0-bde1-d0573bc28167] Microsoft.AspNetCore.Mvc.Infrastructure.ObjectResultExecutor: Executing OkObjectResult, writing value of type 'StudentInsights.Application.Common.Models.PaginatedResult`1[[StudentInsights.Application.Features.LearningActivities.DTOs.LearningActivityDto, StudentInsights.Application, Version=1.0.0.0, Culture=neutral, PublicKeyToken=null]]'.
[2026-07-30 20:07:39.178 +03:30 INF] [fed09fdc-840a-48f0-bde1-d0573bc28167] Microsoft.AspNetCore.Mvc.Infrastructure.ControllerActionInvoker: Executed action StudentInsights.WebApi.Controllers.LearningActivitiesController.GetLearningActivities (StudentInsights.WebApi) in 82.0605ms
[2026-07-30 20:07:39.187 +03:30 INF] [fed09fdc-840a-48f0-bde1-d0573bc28167] Microsoft.AspNetCore.Routing.EndpointMiddleware: Executed endpoint 'StudentInsights.WebApi.Controllers.LearningActivitiesController.GetLearningActivities (StudentInsights.WebApi)'
[2026-07-30 20:07:39.192 +03:30 INF] [] Microsoft.AspNetCore.Hosting.Diagnostics: Request finished HTTP/2 GET https://localhost:7167/api/learning-activities?pageNumber=1&pageSize=50 - 200 null application/json; charset=utf-8 134.5325ms
[2026-07-30 20:07:44.726 +03:30 INF] [] Microsoft.AspNetCore.Hosting.Diagnostics: Request starting HTTP/2 OPTIONS https://localhost:7167/api/learning-activities/0c29770b-5882-4ac7-bd83-97fc6a79d404/status - null null
[2026-07-30 20:07:44.736 +03:30 INF] [d160c95c-248b-4ec6-98d4-413ba07cd94f] Microsoft.AspNetCore.Cors.Infrastructure.CorsService: CORS policy execution successful.
[2026-07-30 20:07:44.740 +03:30 INF] [] Microsoft.AspNetCore.Hosting.Diagnostics: Request finished HTTP/2 OPTIONS https://localhost:7167/api/learning-activities/0c29770b-5882-4ac7-bd83-97fc6a79d404/status - 204 null null 14.933ms
[2026-07-30 20:07:44.742 +03:30 INF] [] Microsoft.AspNetCore.Hosting.Diagnostics: Request starting HTTP/2 PATCH https://localhost:7167/api/learning-activities/0c29770b-5882-4ac7-bd83-97fc6a79d404/status - application/json 15
[2026-07-30 20:07:44.753 +03:30 INF] [45cb4f03-6ea2-4699-8972-a8be14ef75fc] Microsoft.AspNetCore.Cors.Infrastructure.CorsService: CORS policy execution successful.
[2026-07-30 20:07:44.756 +03:30 INF] [45cb4f03-6ea2-4699-8972-a8be14ef75fc] Microsoft.AspNetCore.Routing.EndpointMiddleware: Executing endpoint 'StudentInsights.WebApi.Controllers.LearningActivitiesController.UpdateLearningActivityStatus (StudentInsights.WebApi)'
[2026-07-30 20:07:44.765 +03:30 INF] [45cb4f03-6ea2-4699-8972-a8be14ef75fc] Microsoft.AspNetCore.Mvc.Infrastructure.ControllerActionInvoker: Route matched with {action = "UpdateLearningActivityStatus", controller = "LearningActivities"}. Executing controller action with signature System.Threading.Tasks.Task`1[Microsoft.AspNetCore.Mvc.ActionResult`1[StudentInsights.Application.Features.LearningActivities.DTOs.LearningActivityDto]] UpdateLearningActivityStatus(System.Guid, StudentInsights.Application.Features.LearningActivities.DTOs.UpdateLearningActivityStatusRequest, System.Threading.CancellationToken) on controller StudentInsights.WebApi.Controllers.LearningActivitiesController (StudentInsights.WebApi).
[2026-07-30 20:07:44.806 +03:30 INF] [45cb4f03-6ea2-4699-8972-a8be14ef75fc] Microsoft.AspNetCore.Mvc.Infrastructure.ControllerActionInvoker: Executing action method StudentInsights.WebApi.Controllers.LearningActivitiesController.UpdateLearningActivityStatus (StudentInsights.WebApi) - Validation state: "Valid"
[2026-07-30 20:07:44.885 +03:30 INF] [45cb4f03-6ea2-4699-8972-a8be14ef75fc] Microsoft.EntityFrameworkCore.Database.Command: Executed DbCommand (5ms) [Parameters=[@__request_LearningActivityId_0='?' (DbType = Guid)], CommandType='"Text"', CommandTimeout='30']
SELECT TOP(1) [l].[Id], [l].[CompletedAtUtc], [l].[CourseId], [l].[CreatedAtUtc], [l].[DeletedAtUtc], [l].[Description], [l].[DueDateUtc], [l].[IsDeleted], [l].[LastCompletedAtUtc], [l].[Priority], [l].[ResourceLink], [l].[RowVersion], [l].[Status], [l].[Title], [l].[Type], [l].[UpdatedAtUtc], [l].[UserId], [t].[Id], [t].[CreatedAtUtc], [t].[Credits], [t].[DeletedAtUtc], [t].[FinalGrade], [t].[InstructorName], [t].[IsDeleted], [t].[Name], [t].[RowVersion], [t].[Semester], [t].[UpdatedAtUtc], [t].[UserId]
FROM [LearningActivities] AS [l]
INNER JOIN (
    SELECT [c].[Id], [c].[CreatedAtUtc], [c].[Credits], [c].[DeletedAtUtc], [c].[FinalGrade], [c].[InstructorName], [c].[IsDeleted], [c].[Name], [c].[RowVersion], [c].[Semester], [c].[UpdatedAtUtc], [c].[UserId]
    FROM [Courses] AS [c]
    WHERE [c].[IsDeleted] = CAST(0 AS bit)
) AS [t] ON [l].[CourseId] = [t].[Id]
WHERE [l].[IsDeleted] = CAST(0 AS bit) AND [l].[Id] = @__request_LearningActivityId_0
[2026-07-30 20:07:45.026 +03:30 INF] [45cb4f03-6ea2-4699-8972-a8be14ef75fc] Microsoft.EntityFrameworkCore.Database.Command: Executed DbCommand (4ms) [Parameters=[@p3='?' (DbType = Guid), @p0='?' (DbType = DateTime2), @p4='?' (Size = 8) (DbType = Binary), @p1='?' (Size = 20), @p2='?' (DbType = DateTime2)], CommandType='"Text"', CommandTimeout='30']
SET IMPLICIT_TRANSACTIONS OFF;
SET NOCOUNT ON;
UPDATE [LearningActivities] SET [CompletedAtUtc] = @p0, [Status] = @p1, [UpdatedAtUtc] = @p2
OUTPUT INSERTED.[RowVersion]
WHERE [Id] = @p3 AND [RowVersion] = @p4;
[2026-07-30 20:07:45.040 +03:30 INF] [45cb4f03-6ea2-4699-8972-a8be14ef75fc] Microsoft.AspNetCore.Mvc.Infrastructure.ControllerActionInvoker: Executed action method StudentInsights.WebApi.Controllers.LearningActivitiesController.UpdateLearningActivityStatus (StudentInsights.WebApi), returned result Microsoft.AspNetCore.Mvc.OkObjectResult in 227.5251ms.
[2026-07-30 20:07:45.047 +03:30 INF] [45cb4f03-6ea2-4699-8972-a8be14ef75fc] Microsoft.AspNetCore.Mvc.Infrastructure.ObjectResultExecutor: Executing OkObjectResult, writing value of type 'StudentInsights.Application.Features.LearningActivities.DTOs.LearningActivityDto'.
[2026-07-30 20:07:45.053 +03:30 INF] [45cb4f03-6ea2-4699-8972-a8be14ef75fc] Microsoft.AspNetCore.Mvc.Infrastructure.ControllerActionInvoker: Executed action StudentInsights.WebApi.Controllers.LearningActivitiesController.UpdateLearningActivityStatus (StudentInsights.WebApi) in 281.0124ms
[2026-07-30 20:07:45.058 +03:30 INF] [45cb4f03-6ea2-4699-8972-a8be14ef75fc] Microsoft.AspNetCore.Routing.EndpointMiddleware: Executed endpoint 'StudentInsights.WebApi.Controllers.LearningActivitiesController.UpdateLearningActivityStatus (StudentInsights.WebApi)'
[2026-07-30 20:07:45.063 +03:30 INF] [] Microsoft.AspNetCore.Hosting.Diagnostics: Request finished HTTP/2 PATCH https://localhost:7167/api/learning-activities/0c29770b-5882-4ac7-bd83-97fc6a79d404/status - 200 null application/json; charset=utf-8 320.8349ms
[2026-07-30 20:07:47.556 +03:30 INF] [] Microsoft.AspNetCore.Hosting.Diagnostics: Request starting HTTP/2 OPTIONS https://localhost:7167/api/learning-activities/538ae8e9-91a4-4b13-97b2-96f47f2cc84d/status - null null
[2026-07-30 20:07:47.564 +03:30 INF] [f202f473-302c-4efe-b94e-a8d6ef221bf9] Microsoft.AspNetCore.Cors.Infrastructure.CorsService: CORS policy execution successful.
[2026-07-30 20:07:47.568 +03:30 INF] [] Microsoft.AspNetCore.Hosting.Diagnostics: Request finished HTTP/2 OPTIONS https://localhost:7167/api/learning-activities/538ae8e9-91a4-4b13-97b2-96f47f2cc84d/status - 204 null null 11.6929ms
[2026-07-30 20:07:47.570 +03:30 INF] [] Microsoft.AspNetCore.Hosting.Diagnostics: Request starting HTTP/2 PATCH https://localhost:7167/api/learning-activities/538ae8e9-91a4-4b13-97b2-96f47f2cc84d/status - application/json 15
[2026-07-30 20:07:47.581 +03:30 INF] [d4fa3238-3e7a-481b-9bfd-24d49d037f4c] Microsoft.AspNetCore.Cors.Infrastructure.CorsService: CORS policy execution successful.
[2026-07-30 20:07:47.584 +03:30 INF] [d4fa3238-3e7a-481b-9bfd-24d49d037f4c] Microsoft.AspNetCore.Routing.EndpointMiddleware: Executing endpoint 'StudentInsights.WebApi.Controllers.LearningActivitiesController.UpdateLearningActivityStatus (StudentInsights.WebApi)'
[2026-07-30 20:07:47.588 +03:30 INF] [d4fa3238-3e7a-481b-9bfd-24d49d037f4c] Microsoft.AspNetCore.Mvc.Infrastructure.ControllerActionInvoker: Route matched with {action = "UpdateLearningActivityStatus", controller = "LearningActivities"}. Executing controller action with signature System.Threading.Tasks.Task`1[Microsoft.AspNetCore.Mvc.ActionResult`1[StudentInsights.Application.Features.LearningActivities.DTOs.LearningActivityDto]] UpdateLearningActivityStatus(System.Guid, StudentInsights.Application.Features.LearningActivities.DTOs.UpdateLearningActivityStatusRequest, System.Threading.CancellationToken) on controller StudentInsights.WebApi.Controllers.LearningActivitiesController (StudentInsights.WebApi).
[2026-07-30 20:07:47.617 +03:30 INF] [d4fa3238-3e7a-481b-9bfd-24d49d037f4c] Microsoft.AspNetCore.Mvc.Infrastructure.ControllerActionInvoker: Executing action method StudentInsights.WebApi.Controllers.LearningActivitiesController.UpdateLearningActivityStatus (StudentInsights.WebApi) - Validation state: "Valid"
[2026-07-30 20:07:47.630 +03:30 INF] [d4fa3238-3e7a-481b-9bfd-24d49d037f4c] Microsoft.EntityFrameworkCore.Database.Command: Executed DbCommand (2ms) [Parameters=[@__request_LearningActivityId_0='?' (DbType = Guid)], CommandType='"Text"', CommandTimeout='30']
SELECT TOP(1) [l].[Id], [l].[CompletedAtUtc], [l].[CourseId], [l].[CreatedAtUtc], [l].[DeletedAtUtc], [l].[Description], [l].[DueDateUtc], [l].[IsDeleted], [l].[LastCompletedAtUtc], [l].[Priority], [l].[ResourceLink], [l].[RowVersion], [l].[Status], [l].[Title], [l].[Type], [l].[UpdatedAtUtc], [l].[UserId], [t].[Id], [t].[CreatedAtUtc], [t].[Credits], [t].[DeletedAtUtc], [t].[FinalGrade], [t].[InstructorName], [t].[IsDeleted], [t].[Name], [t].[RowVersion], [t].[Semester], [t].[UpdatedAtUtc], [t].[UserId]
FROM [LearningActivities] AS [l]
INNER JOIN (
    SELECT [c].[Id], [c].[CreatedAtUtc], [c].[Credits], [c].[DeletedAtUtc], [c].[FinalGrade], [c].[InstructorName], [c].[IsDeleted], [c].[Name], [c].[RowVersion], [c].[Semester], [c].[UpdatedAtUtc], [c].[UserId]
    FROM [Courses] AS [c]
    WHERE [c].[IsDeleted] = CAST(0 AS bit)
) AS [t] ON [l].[CourseId] = [t].[Id]
WHERE [l].[IsDeleted] = CAST(0 AS bit) AND [l].[Id] = @__request_LearningActivityId_0
[2026-07-30 20:07:47.642 +03:30 INF] [d4fa3238-3e7a-481b-9bfd-24d49d037f4c] Microsoft.EntityFrameworkCore.Database.Command: Executed DbCommand (4ms) [Parameters=[@p4='?' (DbType = Guid), @p0='?' (DbType = DateTime2), @p1='?' (DbType = DateTime2), @p5='?' (Size = 8) (DbType = Binary), @p2='?' (Size = 20), @p3='?' (DbType = DateTime2)], CommandType='"Text"', CommandTimeout='30']
SET IMPLICIT_TRANSACTIONS OFF;
SET NOCOUNT ON;
UPDATE [LearningActivities] SET [CompletedAtUtc] = @p0, [LastCompletedAtUtc] = @p1, [Status] = @p2, [UpdatedAtUtc] = @p3
OUTPUT INSERTED.[RowVersion]
WHERE [Id] = @p4 AND [RowVersion] = @p5;
[2026-07-30 20:07:47.650 +03:30 INF] [d4fa3238-3e7a-481b-9bfd-24d49d037f4c] Microsoft.AspNetCore.Mvc.Infrastructure.ControllerActionInvoker: Executed action method StudentInsights.WebApi.Controllers.LearningActivitiesController.UpdateLearningActivityStatus (StudentInsights.WebApi), returned result Microsoft.AspNetCore.Mvc.OkObjectResult in 26.8148ms.
[2026-07-30 20:07:47.653 +03:30 INF] [d4fa3238-3e7a-481b-9bfd-24d49d037f4c] Microsoft.AspNetCore.Mvc.Infrastructure.ObjectResultExecutor: Executing OkObjectResult, writing value of type 'StudentInsights.Application.Features.LearningActivities.DTOs.LearningActivityDto'.
[2026-07-30 20:07:47.659 +03:30 INF] [d4fa3238-3e7a-481b-9bfd-24d49d037f4c] Microsoft.AspNetCore.Mvc.Infrastructure.ControllerActionInvoker: Executed action StudentInsights.WebApi.Controllers.LearningActivitiesController.UpdateLearningActivityStatus (StudentInsights.WebApi) in 66.0081ms
[2026-07-30 20:07:47.663 +03:30 INF] [d4fa3238-3e7a-481b-9bfd-24d49d037f4c] Microsoft.AspNetCore.Routing.EndpointMiddleware: Executed endpoint 'StudentInsights.WebApi.Controllers.LearningActivitiesController.UpdateLearningActivityStatus (StudentInsights.WebApi)'
[2026-07-30 20:07:47.667 +03:30 INF] [] Microsoft.AspNetCore.Hosting.Diagnostics: Request finished HTTP/2 PATCH https://localhost:7167/api/learning-activities/538ae8e9-91a4-4b13-97b2-96f47f2cc84d/status - 200 null application/json; charset=utf-8 98.0097ms
[2026-07-30 20:07:53.886 +03:30 INF] [] Microsoft.AspNetCore.Hosting.Diagnostics: Request starting HTTP/2 OPTIONS https://localhost:7167/api/courses?pageNumber=1&pageSize=100 - null null
[2026-07-30 20:07:53.888 +03:30 INF] [] Microsoft.AspNetCore.Hosting.Diagnostics: Request starting HTTP/2 OPTIONS https://localhost:7167/api/courses?pageNumber=1&pageSize=100 - null null
[2026-07-30 20:07:53.894 +03:30 INF] [fafca31d-21ba-4644-9966-affe2cde541e] Microsoft.AspNetCore.Cors.Infrastructure.CorsService: CORS policy execution successful.
[2026-07-30 20:07:53.900 +03:30 INF] [166d0da0-ffcc-4244-a54e-264b56bd2c8c] Microsoft.AspNetCore.Cors.Infrastructure.CorsService: CORS policy execution successful.
[2026-07-30 20:07:53.903 +03:30 INF] [] Microsoft.AspNetCore.Hosting.Diagnostics: Request finished HTTP/2 OPTIONS https://localhost:7167/api/courses?pageNumber=1&pageSize=100 - 204 null null 17.6759ms
[2026-07-30 20:07:53.906 +03:30 INF] [] Microsoft.AspNetCore.Hosting.Diagnostics: Request starting HTTP/2 GET https://localhost:7167/api/courses?pageNumber=1&pageSize=100 - null null
[2026-07-30 20:07:53.906 +03:30 INF] [] Microsoft.AspNetCore.Hosting.Diagnostics: Request finished HTTP/2 OPTIONS https://localhost:7167/api/courses?pageNumber=1&pageSize=100 - 204 null null 19.073ms
[2026-07-30 20:07:53.921 +03:30 INF] [49bc74b4-2cf6-4972-9a51-69f9d8890a32] Microsoft.AspNetCore.Cors.Infrastructure.CorsService: CORS policy execution successful.
[2026-07-30 20:07:53.933 +03:30 INF] [49bc74b4-2cf6-4972-9a51-69f9d8890a32] Microsoft.AspNetCore.Routing.EndpointMiddleware: Executing endpoint 'StudentInsights.WebApi.Controllers.CoursesController.GetCourses (StudentInsights.WebApi)'
[2026-07-30 20:07:53.937 +03:30 INF] [49bc74b4-2cf6-4972-9a51-69f9d8890a32] Microsoft.AspNetCore.Mvc.Infrastructure.ControllerActionInvoker: Route matched with {action = "GetCourses", controller = "Courses"}. Executing controller action with signature System.Threading.Tasks.Task`1[Microsoft.AspNetCore.Mvc.ActionResult`1[StudentInsights.Application.Common.Models.PaginatedResult`1[StudentInsights.Application.Features.Courses.DTOs.CourseDto]]] GetCourses(StudentInsights.Application.Common.Models.PaginationParams, System.String, System.Threading.CancellationToken) on controller StudentInsights.WebApi.Controllers.CoursesController (StudentInsights.WebApi).
[2026-07-30 20:07:53.969 +03:30 INF] [49bc74b4-2cf6-4972-9a51-69f9d8890a32] Microsoft.AspNetCore.Mvc.Infrastructure.ControllerActionInvoker: Executing action method StudentInsights.WebApi.Controllers.CoursesController.GetCourses (StudentInsights.WebApi) - Validation state: "Valid"
[2026-07-30 20:07:53.978 +03:30 INF] [49bc74b4-2cf6-4972-9a51-69f9d8890a32] Microsoft.EntityFrameworkCore.Database.Command: Executed DbCommand (1ms) [Parameters=[@___currentUserService_UserId_0='?' (DbType = Guid)], CommandType='"Text"', CommandTimeout='30']
SELECT COUNT(*)
FROM [Courses] AS [c]
WHERE [c].[IsDeleted] = CAST(0 AS bit) AND [c].[UserId] = @___currentUserService_UserId_0
[2026-07-30 20:07:53.988 +03:30 INF] [49bc74b4-2cf6-4972-9a51-69f9d8890a32] Microsoft.EntityFrameworkCore.Database.Command: Executed DbCommand (1ms) [Parameters=[@___currentUserService_UserId_0='?' (DbType = Guid), @__p_1='?' (DbType = Int32), @__p_2='?' (DbType = Int32)], CommandType='"Text"', CommandTimeout='30']
SELECT [c].[Id], [c].[CreatedAtUtc], [c].[Credits], [c].[DeletedAtUtc], [c].[FinalGrade], [c].[InstructorName], [c].[IsDeleted], [c].[Name], [c].[RowVersion], [c].[Semester], [c].[UpdatedAtUtc], [c].[UserId]
FROM [Courses] AS [c]
WHERE [c].[IsDeleted] = CAST(0 AS bit) AND [c].[UserId] = @___currentUserService_UserId_0
ORDER BY [c].[CreatedAtUtc] DESC
OFFSET @__p_1 ROWS FETCH NEXT @__p_2 ROWS ONLY
[2026-07-30 20:07:53.993 +03:30 INF] [49bc74b4-2cf6-4972-9a51-69f9d8890a32] Microsoft.AspNetCore.Mvc.Infrastructure.ControllerActionInvoker: Executed action method StudentInsights.WebApi.Controllers.CoursesController.GetCourses (StudentInsights.WebApi), returned result Microsoft.AspNetCore.Mvc.OkObjectResult in 18.0162ms.
[2026-07-30 20:07:53.998 +03:30 INF] [49bc74b4-2cf6-4972-9a51-69f9d8890a32] Microsoft.AspNetCore.Mvc.Infrastructure.ObjectResultExecutor: Executing OkObjectResult, writing value of type 'StudentInsights.Application.Common.Models.PaginatedResult`1[[StudentInsights.Application.Features.Courses.DTOs.CourseDto, StudentInsights.Application, Version=1.0.0.0, Culture=neutral, PublicKeyToken=null]]'.
[2026-07-30 20:07:54.003 +03:30 INF] [49bc74b4-2cf6-4972-9a51-69f9d8890a32] Microsoft.AspNetCore.Mvc.Infrastructure.ControllerActionInvoker: Executed action StudentInsights.WebApi.Controllers.CoursesController.GetCourses (StudentInsights.WebApi) in 61.4044ms
[2026-07-30 20:07:54.005 +03:30 INF] [] Microsoft.AspNetCore.Hosting.Diagnostics: Request starting HTTP/2 GET https://localhost:7167/api/courses?pageNumber=1&pageSize=100 - null null
[2026-07-30 20:07:54.007 +03:30 INF] [49bc74b4-2cf6-4972-9a51-69f9d8890a32] Microsoft.AspNetCore.Routing.EndpointMiddleware: Executed endpoint 'StudentInsights.WebApi.Controllers.CoursesController.GetCourses (StudentInsights.WebApi)'
[2026-07-30 20:07:54.013 +03:30 INF] [aa3e68f2-1e55-4afa-b45f-cb2677802e66] Microsoft.AspNetCore.Cors.Infrastructure.CorsService: CORS policy execution successful.
[2026-07-30 20:07:54.016 +03:30 INF] [] Microsoft.AspNetCore.Hosting.Diagnostics: Request finished HTTP/2 GET https://localhost:7167/api/courses?pageNumber=1&pageSize=100 - 200 null application/json; charset=utf-8 109.9977ms
[2026-07-30 20:07:54.018 +03:30 INF] [aa3e68f2-1e55-4afa-b45f-cb2677802e66] Microsoft.AspNetCore.Routing.EndpointMiddleware: Executing endpoint 'StudentInsights.WebApi.Controllers.CoursesController.GetCourses (StudentInsights.WebApi)'
[2026-07-30 20:07:54.026 +03:30 INF] [aa3e68f2-1e55-4afa-b45f-cb2677802e66] Microsoft.AspNetCore.Mvc.Infrastructure.ControllerActionInvoker: Route matched with {action = "GetCourses", controller = "Courses"}. Executing controller action with signature System.Threading.Tasks.Task`1[Microsoft.AspNetCore.Mvc.ActionResult`1[StudentInsights.Application.Common.Models.PaginatedResult`1[StudentInsights.Application.Features.Courses.DTOs.CourseDto]]] GetCourses(StudentInsights.Application.Common.Models.PaginationParams, System.String, System.Threading.CancellationToken) on controller StudentInsights.WebApi.Controllers.CoursesController (StudentInsights.WebApi).
[2026-07-30 20:07:54.034 +03:30 INF] [] Microsoft.AspNetCore.Hosting.Diagnostics: Request starting HTTP/2 OPTIONS https://localhost:7167/api/study-logs?pageNumber=1&pageSize=50 - null null
[2026-07-30 20:07:54.066 +03:30 INF] [aa3e68f2-1e55-4afa-b45f-cb2677802e66] Microsoft.AspNetCore.Mvc.Infrastructure.ControllerActionInvoker: Executing action method StudentInsights.WebApi.Controllers.CoursesController.GetCourses (StudentInsights.WebApi) - Validation state: "Valid"
[2026-07-30 20:07:54.072 +03:30 INF] [15da5b4a-2005-404a-ab44-576a8efd5393] Microsoft.AspNetCore.Cors.Infrastructure.CorsService: CORS policy execution successful.
[2026-07-30 20:07:54.081 +03:30 INF] [aa3e68f2-1e55-4afa-b45f-cb2677802e66] Microsoft.EntityFrameworkCore.Database.Command: Executed DbCommand (1ms) [Parameters=[@___currentUserService_UserId_0='?' (DbType = Guid)], CommandType='"Text"', CommandTimeout='30']
SELECT COUNT(*)
FROM [Courses] AS [c]
WHERE [c].[IsDeleted] = CAST(0 AS bit) AND [c].[UserId] = @___currentUserService_UserId_0
[2026-07-30 20:07:54.083 +03:30 INF] [] Microsoft.AspNetCore.Hosting.Diagnostics: Request finished HTTP/2 OPTIONS https://localhost:7167/api/study-logs?pageNumber=1&pageSize=50 - 204 null null 48.4112ms
[2026-07-30 20:07:54.087 +03:30 INF] [] Microsoft.AspNetCore.Hosting.Diagnostics: Request starting HTTP/2 GET https://localhost:7167/api/study-logs?pageNumber=1&pageSize=50 - null null
[2026-07-30 20:07:54.093 +03:30 INF] [aa3e68f2-1e55-4afa-b45f-cb2677802e66] Microsoft.EntityFrameworkCore.Database.Command: Executed DbCommand (1ms) [Parameters=[@___currentUserService_UserId_0='?' (DbType = Guid), @__p_1='?' (DbType = Int32), @__p_2='?' (DbType = Int32)], CommandType='"Text"', CommandTimeout='30']
SELECT [c].[Id], [c].[CreatedAtUtc], [c].[Credits], [c].[DeletedAtUtc], [c].[FinalGrade], [c].[InstructorName], [c].[IsDeleted], [c].[Name], [c].[RowVersion], [c].[Semester], [c].[UpdatedAtUtc], [c].[UserId]
FROM [Courses] AS [c]
WHERE [c].[IsDeleted] = CAST(0 AS bit) AND [c].[UserId] = @___currentUserService_UserId_0
ORDER BY [c].[CreatedAtUtc] DESC
OFFSET @__p_1 ROWS FETCH NEXT @__p_2 ROWS ONLY
[2026-07-30 20:07:54.104 +03:30 INF] [b183dd3f-95a1-48b2-855a-f464909b93aa] Microsoft.AspNetCore.Cors.Infrastructure.CorsService: CORS policy execution successful.
[2026-07-30 20:07:54.109 +03:30 INF] [aa3e68f2-1e55-4afa-b45f-cb2677802e66] Microsoft.AspNetCore.Mvc.Infrastructure.ControllerActionInvoker: Executed action method StudentInsights.WebApi.Controllers.CoursesController.GetCourses (StudentInsights.WebApi), returned result Microsoft.AspNetCore.Mvc.OkObjectResult in 31.5035ms.
[2026-07-30 20:07:54.111 +03:30 INF] [b183dd3f-95a1-48b2-855a-f464909b93aa] Microsoft.AspNetCore.Routing.EndpointMiddleware: Executing endpoint 'StudentInsights.WebApi.Controllers.StudyLogsController.GetStudyLogs (StudentInsights.WebApi)'
[2026-07-30 20:07:54.114 +03:30 INF] [aa3e68f2-1e55-4afa-b45f-cb2677802e66] Microsoft.AspNetCore.Mvc.Infrastructure.ObjectResultExecutor: Executing OkObjectResult, writing value of type 'StudentInsights.Application.Common.Models.PaginatedResult`1[[StudentInsights.Application.Features.Courses.DTOs.CourseDto, StudentInsights.Application, Version=1.0.0.0, Culture=neutral, PublicKeyToken=null]]'.
[2026-07-30 20:07:54.116 +03:30 INF] [b183dd3f-95a1-48b2-855a-f464909b93aa] Microsoft.AspNetCore.Mvc.Infrastructure.ControllerActionInvoker: Route matched with {action = "GetStudyLogs", controller = "StudyLogs"}. Executing controller action with signature System.Threading.Tasks.Task`1[Microsoft.AspNetCore.Mvc.ActionResult`1[StudentInsights.Application.Common.Models.PaginatedResult`1[StudentInsights.Application.Features.StudyLogs.DTOs.StudyLogDto]]] GetStudyLogs(StudentInsights.Application.Common.Models.PaginationParams, System.Nullable`1[System.Guid], System.String, System.Nullable`1[System.DateTime], System.Nullable`1[System.DateTime], System.Threading.CancellationToken) on controller StudentInsights.WebApi.Controllers.StudyLogsController (StudentInsights.WebApi).
[2026-07-30 20:07:54.119 +03:30 INF] [aa3e68f2-1e55-4afa-b45f-cb2677802e66] Microsoft.AspNetCore.Mvc.Infrastructure.ControllerActionInvoker: Executed action StudentInsights.WebApi.Controllers.CoursesController.GetCourses (StudentInsights.WebApi) in 87.0236ms
[2026-07-30 20:07:54.159 +03:30 INF] [b183dd3f-95a1-48b2-855a-f464909b93aa] Microsoft.AspNetCore.Mvc.Infrastructure.ControllerActionInvoker: Executing action method StudentInsights.WebApi.Controllers.StudyLogsController.GetStudyLogs (StudentInsights.WebApi) - Validation state: "Valid"
[2026-07-30 20:07:54.160 +03:30 INF] [aa3e68f2-1e55-4afa-b45f-cb2677802e66] Microsoft.AspNetCore.Routing.EndpointMiddleware: Executed endpoint 'StudentInsights.WebApi.Controllers.CoursesController.GetCourses (StudentInsights.WebApi)'
[2026-07-30 20:07:54.168 +03:30 INF] [] Microsoft.AspNetCore.Hosting.Diagnostics: Request finished HTTP/2 GET https://localhost:7167/api/courses?pageNumber=1&pageSize=100 - 200 null application/json; charset=utf-8 163.4066ms
[2026-07-30 20:07:54.169 +03:30 INF] [b183dd3f-95a1-48b2-855a-f464909b93aa] Microsoft.EntityFrameworkCore.Database.Command: Executed DbCommand (2ms) [Parameters=[@___currentUserService_UserId_0='?' (DbType = Guid)], CommandType='"Text"', CommandTimeout='30']
SELECT COUNT(*)
FROM [StudyLogs] AS [s]
WHERE [s].[IsDeleted] = CAST(0 AS bit) AND [s].[UserId] = @___currentUserService_UserId_0
[2026-07-30 20:07:54.187 +03:30 INF] [b183dd3f-95a1-48b2-855a-f464909b93aa] Microsoft.EntityFrameworkCore.Database.Command: Executed DbCommand (2ms) [Parameters=[@___currentUserService_UserId_0='?' (DbType = Guid), @__p_1='?' (DbType = Int32), @__p_2='?' (DbType = Int32)], CommandType='"Text"', CommandTimeout='30']
SELECT [t].[Id], [t].[CourseId], [t].[CreatedAtUtc], [t].[DeletedAtUtc], [t].[DurationMinutes], [t].[IsDeleted], [t].[Notes], [t].[RowVersion], [t].[StudyDateUtc], [t].[UpdatedAtUtc], [t].[UserId], [t0].[Id], [t0].[CreatedAtUtc], [t0].[Credits], [t0].[DeletedAtUtc], [t0].[FinalGrade], [t0].[InstructorName], [t0].[IsDeleted], [t0].[Name], [t0].[RowVersion], [t0].[Semester], [t0].[UpdatedAtUtc], [t0].[UserId]
FROM (
    SELECT [s].[Id], [s].[CourseId], [s].[CreatedAtUtc], [s].[DeletedAtUtc], [s].[DurationMinutes], [s].[IsDeleted], [s].[Notes], [s].[RowVersion], [s].[StudyDateUtc], [s].[UpdatedAtUtc], [s].[UserId]
    FROM [StudyLogs] AS [s]
    WHERE [s].[IsDeleted] = CAST(0 AS bit) AND [s].[UserId] = @___currentUserService_UserId_0
    ORDER BY [s].[StudyDateUtc] DESC
    OFFSET @__p_1 ROWS FETCH NEXT @__p_2 ROWS ONLY
) AS [t]
INNER JOIN (
    SELECT [c].[Id], [c].[CreatedAtUtc], [c].[Credits], [c].[DeletedAtUtc], [c].[FinalGrade], [c].[InstructorName], [c].[IsDeleted], [c].[Name], [c].[RowVersion], [c].[Semester], [c].[UpdatedAtUtc], [c].[UserId]
    FROM [Courses] AS [c]
    WHERE [c].[IsDeleted] = CAST(0 AS bit)
) AS [t0] ON [t].[CourseId] = [t0].[Id]
ORDER BY [t].[StudyDateUtc] DESC
[2026-07-30 20:07:54.192 +03:30 INF] [b183dd3f-95a1-48b2-855a-f464909b93aa] Microsoft.AspNetCore.Mvc.Infrastructure.ControllerActionInvoker: Executed action method StudentInsights.WebApi.Controllers.StudyLogsController.GetStudyLogs (StudentInsights.WebApi), returned result Microsoft.AspNetCore.Mvc.OkObjectResult in 27.3432ms.
[2026-07-30 20:07:54.196 +03:30 INF] [b183dd3f-95a1-48b2-855a-f464909b93aa] Microsoft.AspNetCore.Mvc.Infrastructure.ObjectResultExecutor: Executing OkObjectResult, writing value of type 'StudentInsights.Application.Common.Models.PaginatedResult`1[[StudentInsights.Application.Features.StudyLogs.DTOs.StudyLogDto, StudentInsights.Application, Version=1.0.0.0, Culture=neutral, PublicKeyToken=null]]'.
[2026-07-30 20:07:54.200 +03:30 INF] [b183dd3f-95a1-48b2-855a-f464909b93aa] Microsoft.AspNetCore.Mvc.Infrastructure.ControllerActionInvoker: Executed action StudentInsights.WebApi.Controllers.StudyLogsController.GetStudyLogs (StudentInsights.WebApi) in 76.2451ms
[2026-07-30 20:07:54.202 +03:30 INF] [] Microsoft.AspNetCore.Hosting.Diagnostics: Request starting HTTP/2 GET https://localhost:7167/api/study-logs?pageNumber=1&pageSize=50 - null null
[2026-07-30 20:07:54.205 +03:30 INF] [b183dd3f-95a1-48b2-855a-f464909b93aa] Microsoft.AspNetCore.Routing.EndpointMiddleware: Executed endpoint 'StudentInsights.WebApi.Controllers.StudyLogsController.GetStudyLogs (StudentInsights.WebApi)'
[2026-07-30 20:07:54.211 +03:30 INF] [0cccb189-8234-4412-b0fe-88a385256ac6] Microsoft.AspNetCore.Cors.Infrastructure.CorsService: CORS policy execution successful.
[2026-07-30 20:07:54.213 +03:30 INF] [] Microsoft.AspNetCore.Hosting.Diagnostics: Request finished HTTP/2 GET https://localhost:7167/api/study-logs?pageNumber=1&pageSize=50 - 200 null application/json; charset=utf-8 126.8363ms
[2026-07-30 20:07:54.216 +03:30 INF] [0cccb189-8234-4412-b0fe-88a385256ac6] Microsoft.AspNetCore.Routing.EndpointMiddleware: Executing endpoint 'StudentInsights.WebApi.Controllers.StudyLogsController.GetStudyLogs (StudentInsights.WebApi)'
[2026-07-30 20:07:54.227 +03:30 INF] [0cccb189-8234-4412-b0fe-88a385256ac6] Microsoft.AspNetCore.Mvc.Infrastructure.ControllerActionInvoker: Route matched with {action = "GetStudyLogs", controller = "StudyLogs"}. Executing controller action with signature System.Threading.Tasks.Task`1[Microsoft.AspNetCore.Mvc.ActionResult`1[StudentInsights.Application.Common.Models.PaginatedResult`1[StudentInsights.Application.Features.StudyLogs.DTOs.StudyLogDto]]] GetStudyLogs(StudentInsights.Application.Common.Models.PaginationParams, System.Nullable`1[System.Guid], System.String, System.Nullable`1[System.DateTime], System.Nullable`1[System.DateTime], System.Threading.CancellationToken) on controller StudentInsights.WebApi.Controllers.StudyLogsController (StudentInsights.WebApi).
[2026-07-30 20:07:54.295 +03:30 INF] [0cccb189-8234-4412-b0fe-88a385256ac6] Microsoft.AspNetCore.Mvc.Infrastructure.ControllerActionInvoker: Executing action method StudentInsights.WebApi.Controllers.StudyLogsController.GetStudyLogs (StudentInsights.WebApi) - Validation state: "Valid"
[2026-07-30 20:07:54.304 +03:30 INF] [0cccb189-8234-4412-b0fe-88a385256ac6] Microsoft.EntityFrameworkCore.Database.Command: Executed DbCommand (2ms) [Parameters=[@___currentUserService_UserId_0='?' (DbType = Guid)], CommandType='"Text"', CommandTimeout='30']
SELECT COUNT(*)
FROM [StudyLogs] AS [s]
WHERE [s].[IsDeleted] = CAST(0 AS bit) AND [s].[UserId] = @___currentUserService_UserId_0
[2026-07-30 20:07:54.316 +03:30 INF] [0cccb189-8234-4412-b0fe-88a385256ac6] Microsoft.EntityFrameworkCore.Database.Command: Executed DbCommand (1ms) [Parameters=[@___currentUserService_UserId_0='?' (DbType = Guid), @__p_1='?' (DbType = Int32), @__p_2='?' (DbType = Int32)], CommandType='"Text"', CommandTimeout='30']
SELECT [t].[Id], [t].[CourseId], [t].[CreatedAtUtc], [t].[DeletedAtUtc], [t].[DurationMinutes], [t].[IsDeleted], [t].[Notes], [t].[RowVersion], [t].[StudyDateUtc], [t].[UpdatedAtUtc], [t].[UserId], [t0].[Id], [t0].[CreatedAtUtc], [t0].[Credits], [t0].[DeletedAtUtc], [t0].[FinalGrade], [t0].[InstructorName], [t0].[IsDeleted], [t0].[Name], [t0].[RowVersion], [t0].[Semester], [t0].[UpdatedAtUtc], [t0].[UserId]
FROM (
    SELECT [s].[Id], [s].[CourseId], [s].[CreatedAtUtc], [s].[DeletedAtUtc], [s].[DurationMinutes], [s].[IsDeleted], [s].[Notes], [s].[RowVersion], [s].[StudyDateUtc], [s].[UpdatedAtUtc], [s].[UserId]
    FROM [StudyLogs] AS [s]
    WHERE [s].[IsDeleted] = CAST(0 AS bit) AND [s].[UserId] = @___currentUserService_UserId_0
    ORDER BY [s].[StudyDateUtc] DESC
    OFFSET @__p_1 ROWS FETCH NEXT @__p_2 ROWS ONLY
) AS [t]
INNER JOIN (
    SELECT [c].[Id], [c].[CreatedAtUtc], [c].[Credits], [c].[DeletedAtUtc], [c].[FinalGrade], [c].[InstructorName], [c].[IsDeleted], [c].[Name], [c].[RowVersion], [c].[Semester], [c].[UpdatedAtUtc], [c].[UserId]
    FROM [Courses] AS [c]
    WHERE [c].[IsDeleted] = CAST(0 AS bit)
) AS [t0] ON [t].[CourseId] = [t0].[Id]
ORDER BY [t].[StudyDateUtc] DESC
[2026-07-30 20:07:54.324 +03:30 INF] [0cccb189-8234-4412-b0fe-88a385256ac6] Microsoft.AspNetCore.Mvc.Infrastructure.ControllerActionInvoker: Executed action method StudentInsights.WebApi.Controllers.StudyLogsController.GetStudyLogs (StudentInsights.WebApi), returned result Microsoft.AspNetCore.Mvc.OkObjectResult in 24.3213ms.
[2026-07-30 20:07:54.329 +03:30 INF] [0cccb189-8234-4412-b0fe-88a385256ac6] Microsoft.AspNetCore.Mvc.Infrastructure.ObjectResultExecutor: Executing OkObjectResult, writing value of type 'StudentInsights.Application.Common.Models.PaginatedResult`1[[StudentInsights.Application.Features.StudyLogs.DTOs.StudyLogDto, StudentInsights.Application, Version=1.0.0.0, Culture=neutral, PublicKeyToken=null]]'.
[2026-07-30 20:07:54.332 +03:30 INF] [0cccb189-8234-4412-b0fe-88a385256ac6] Microsoft.AspNetCore.Mvc.Infrastructure.ControllerActionInvoker: Executed action StudentInsights.WebApi.Controllers.StudyLogsController.GetStudyLogs (StudentInsights.WebApi) in 99.4643ms
[2026-07-30 20:07:54.336 +03:30 INF] [0cccb189-8234-4412-b0fe-88a385256ac6] Microsoft.AspNetCore.Routing.EndpointMiddleware: Executed endpoint 'StudentInsights.WebApi.Controllers.StudyLogsController.GetStudyLogs (StudentInsights.WebApi)'
[2026-07-30 20:07:54.339 +03:30 INF] [] Microsoft.AspNetCore.Hosting.Diagnostics: Request finished HTTP/2 GET https://localhost:7167/api/study-logs?pageNumber=1&pageSize=50 - 200 null application/json; charset=utf-8 137.9541ms
[2026-07-30 20:07:56.254 +03:30 INF] [] Microsoft.AspNetCore.Hosting.Diagnostics: Request starting HTTP/2 GET https://localhost:7167/api/courses?pageNumber=1&pageSize=100 - null null
[2026-07-30 20:07:56.263 +03:30 INF] [f8e94402-102f-4534-b091-5637bcdc3763] Microsoft.AspNetCore.Cors.Infrastructure.CorsService: CORS policy execution successful.
[2026-07-30 20:07:56.266 +03:30 INF] [f8e94402-102f-4534-b091-5637bcdc3763] Microsoft.AspNetCore.Routing.EndpointMiddleware: Executing endpoint 'StudentInsights.WebApi.Controllers.CoursesController.GetCourses (StudentInsights.WebApi)'
[2026-07-30 20:07:56.270 +03:30 INF] [f8e94402-102f-4534-b091-5637bcdc3763] Microsoft.AspNetCore.Mvc.Infrastructure.ControllerActionInvoker: Route matched with {action = "GetCourses", controller = "Courses"}. Executing controller action with signature System.Threading.Tasks.Task`1[Microsoft.AspNetCore.Mvc.ActionResult`1[StudentInsights.Application.Common.Models.PaginatedResult`1[StudentInsights.Application.Features.Courses.DTOs.CourseDto]]] GetCourses(StudentInsights.Application.Common.Models.PaginationParams, System.String, System.Threading.CancellationToken) on controller StudentInsights.WebApi.Controllers.CoursesController (StudentInsights.WebApi).
[2026-07-30 20:07:56.336 +03:30 INF] [f8e94402-102f-4534-b091-5637bcdc3763] Microsoft.AspNetCore.Mvc.Infrastructure.ControllerActionInvoker: Executing action method StudentInsights.WebApi.Controllers.CoursesController.GetCourses (StudentInsights.WebApi) - Validation state: "Valid"
[2026-07-30 20:07:56.344 +03:30 INF] [f8e94402-102f-4534-b091-5637bcdc3763] Microsoft.EntityFrameworkCore.Database.Command: Executed DbCommand (1ms) [Parameters=[@___currentUserService_UserId_0='?' (DbType = Guid)], CommandType='"Text"', CommandTimeout='30']
SELECT COUNT(*)
FROM [Courses] AS [c]
WHERE [c].[IsDeleted] = CAST(0 AS bit) AND [c].[UserId] = @___currentUserService_UserId_0
[2026-07-30 20:07:56.355 +03:30 INF] [f8e94402-102f-4534-b091-5637bcdc3763] Microsoft.EntityFrameworkCore.Database.Command: Executed DbCommand (1ms) [Parameters=[@___currentUserService_UserId_0='?' (DbType = Guid), @__p_1='?' (DbType = Int32), @__p_2='?' (DbType = Int32)], CommandType='"Text"', CommandTimeout='30']
SELECT [c].[Id], [c].[CreatedAtUtc], [c].[Credits], [c].[DeletedAtUtc], [c].[FinalGrade], [c].[InstructorName], [c].[IsDeleted], [c].[Name], [c].[RowVersion], [c].[Semester], [c].[UpdatedAtUtc], [c].[UserId]
FROM [Courses] AS [c]
WHERE [c].[IsDeleted] = CAST(0 AS bit) AND [c].[UserId] = @___currentUserService_UserId_0
ORDER BY [c].[CreatedAtUtc] DESC
OFFSET @__p_1 ROWS FETCH NEXT @__p_2 ROWS ONLY
[2026-07-30 20:07:56.362 +03:30 INF] [f8e94402-102f-4534-b091-5637bcdc3763] Microsoft.AspNetCore.Mvc.Infrastructure.ControllerActionInvoker: Executed action method StudentInsights.WebApi.Controllers.CoursesController.GetCourses (StudentInsights.WebApi), returned result Microsoft.AspNetCore.Mvc.OkObjectResult in 21.2477ms.
[2026-07-30 20:07:56.367 +03:30 INF] [f8e94402-102f-4534-b091-5637bcdc3763] Microsoft.AspNetCore.Mvc.Infrastructure.ObjectResultExecutor: Executing OkObjectResult, writing value of type 'StudentInsights.Application.Common.Models.PaginatedResult`1[[StudentInsights.Application.Features.Courses.DTOs.CourseDto, StudentInsights.Application, Version=1.0.0.0, Culture=neutral, PublicKeyToken=null]]'.
[2026-07-30 20:07:56.372 +03:30 INF] [f8e94402-102f-4534-b091-5637bcdc3763] Microsoft.AspNetCore.Mvc.Infrastructure.ControllerActionInvoker: Executed action StudentInsights.WebApi.Controllers.CoursesController.GetCourses (StudentInsights.WebApi) in 97.6496ms
[2026-07-30 20:07:56.373 +03:30 INF] [] Microsoft.AspNetCore.Hosting.Diagnostics: Request starting HTTP/2 GET https://localhost:7167/api/courses?pageNumber=1&pageSize=100 - null null
[2026-07-30 20:07:56.376 +03:30 INF] [f8e94402-102f-4534-b091-5637bcdc3763] Microsoft.AspNetCore.Routing.EndpointMiddleware: Executed endpoint 'StudentInsights.WebApi.Controllers.CoursesController.GetCourses (StudentInsights.WebApi)'
[2026-07-30 20:07:56.384 +03:30 INF] [06ea37da-6887-4c91-a7a1-ceb91960a992] Microsoft.AspNetCore.Cors.Infrastructure.CorsService: CORS policy execution successful.
[2026-07-30 20:07:56.388 +03:30 INF] [] Microsoft.AspNetCore.Hosting.Diagnostics: Request finished HTTP/2 GET https://localhost:7167/api/courses?pageNumber=1&pageSize=100 - 200 null application/json; charset=utf-8 134.2418ms
[2026-07-30 20:07:56.392 +03:30 INF] [06ea37da-6887-4c91-a7a1-ceb91960a992] Microsoft.AspNetCore.Routing.EndpointMiddleware: Executing endpoint 'StudentInsights.WebApi.Controllers.CoursesController.GetCourses (StudentInsights.WebApi)'
[2026-07-30 20:07:56.403 +03:30 INF] [06ea37da-6887-4c91-a7a1-ceb91960a992] Microsoft.AspNetCore.Mvc.Infrastructure.ControllerActionInvoker: Route matched with {action = "GetCourses", controller = "Courses"}. Executing controller action with signature System.Threading.Tasks.Task`1[Microsoft.AspNetCore.Mvc.ActionResult`1[StudentInsights.Application.Common.Models.PaginatedResult`1[StudentInsights.Application.Features.Courses.DTOs.CourseDto]]] GetCourses(StudentInsights.Application.Common.Models.PaginationParams, System.String, System.Threading.CancellationToken) on controller StudentInsights.WebApi.Controllers.CoursesController (StudentInsights.WebApi).
[2026-07-30 20:07:56.438 +03:30 INF] [] Microsoft.AspNetCore.Hosting.Diagnostics: Request starting HTTP/2 OPTIONS https://localhost:7167/api/exams?pageNumber=1&pageSize=50 - null null
[2026-07-30 20:07:56.439 +03:30 INF] [06ea37da-6887-4c91-a7a1-ceb91960a992] Microsoft.AspNetCore.Mvc.Infrastructure.ControllerActionInvoker: Executing action method StudentInsights.WebApi.Controllers.CoursesController.GetCourses (StudentInsights.WebApi) - Validation state: "Valid"
[2026-07-30 20:07:56.445 +03:30 INF] [aeb306d6-8fe0-4802-b2a8-05e1bd510607] Microsoft.AspNetCore.Cors.Infrastructure.CorsService: CORS policy execution successful.
[2026-07-30 20:07:56.451 +03:30 INF] [06ea37da-6887-4c91-a7a1-ceb91960a992] Microsoft.EntityFrameworkCore.Database.Command: Executed DbCommand (2ms) [Parameters=[@___currentUserService_UserId_0='?' (DbType = Guid)], CommandType='"Text"', CommandTimeout='30']
SELECT COUNT(*)
FROM [Courses] AS [c]
WHERE [c].[IsDeleted] = CAST(0 AS bit) AND [c].[UserId] = @___currentUserService_UserId_0
[2026-07-30 20:07:56.453 +03:30 INF] [] Microsoft.AspNetCore.Hosting.Diagnostics: Request finished HTTP/2 OPTIONS https://localhost:7167/api/exams?pageNumber=1&pageSize=50 - 204 null null 14.9754ms
[2026-07-30 20:07:56.456 +03:30 INF] [] Microsoft.AspNetCore.Hosting.Diagnostics: Request starting HTTP/2 GET https://localhost:7167/api/exams?pageNumber=1&pageSize=50 - null null
[2026-07-30 20:07:56.464 +03:30 INF] [06ea37da-6887-4c91-a7a1-ceb91960a992] Microsoft.EntityFrameworkCore.Database.Command: Executed DbCommand (2ms) [Parameters=[@___currentUserService_UserId_0='?' (DbType = Guid), @__p_1='?' (DbType = Int32), @__p_2='?' (DbType = Int32)], CommandType='"Text"', CommandTimeout='30']
SELECT [c].[Id], [c].[CreatedAtUtc], [c].[Credits], [c].[DeletedAtUtc], [c].[FinalGrade], [c].[InstructorName], [c].[IsDeleted], [c].[Name], [c].[RowVersion], [c].[Semester], [c].[UpdatedAtUtc], [c].[UserId]
FROM [Courses] AS [c]
WHERE [c].[IsDeleted] = CAST(0 AS bit) AND [c].[UserId] = @___currentUserService_UserId_0
ORDER BY [c].[CreatedAtUtc] DESC
OFFSET @__p_1 ROWS FETCH NEXT @__p_2 ROWS ONLY
[2026-07-30 20:07:56.480 +03:30 INF] [666e35e1-6512-4c75-824c-ee1a8d01dfa9] Microsoft.AspNetCore.Cors.Infrastructure.CorsService: CORS policy execution successful.
[2026-07-30 20:07:56.486 +03:30 INF] [06ea37da-6887-4c91-a7a1-ceb91960a992] Microsoft.AspNetCore.Mvc.Infrastructure.ControllerActionInvoker: Executed action method StudentInsights.WebApi.Controllers.CoursesController.GetCourses (StudentInsights.WebApi), returned result Microsoft.AspNetCore.Mvc.OkObjectResult in 38.4674ms.
[2026-07-30 20:07:56.488 +03:30 INF] [666e35e1-6512-4c75-824c-ee1a8d01dfa9] Microsoft.AspNetCore.Routing.EndpointMiddleware: Executing endpoint 'StudentInsights.WebApi.Controllers.ExamsController.GetExams (StudentInsights.WebApi)'
[2026-07-30 20:07:56.493 +03:30 INF] [06ea37da-6887-4c91-a7a1-ceb91960a992] Microsoft.AspNetCore.Mvc.Infrastructure.ObjectResultExecutor: Executing OkObjectResult, writing value of type 'StudentInsights.Application.Common.Models.PaginatedResult`1[[StudentInsights.Application.Features.Courses.DTOs.CourseDto, StudentInsights.Application, Version=1.0.0.0, Culture=neutral, PublicKeyToken=null]]'.
[2026-07-30 20:07:56.501 +03:30 INF] [06ea37da-6887-4c91-a7a1-ceb91960a992] Microsoft.AspNetCore.Mvc.Infrastructure.ControllerActionInvoker: Executed action StudentInsights.WebApi.Controllers.CoursesController.GetCourses (StudentInsights.WebApi) in 93.9671ms
[2026-07-30 20:07:56.503 +03:30 INF] [666e35e1-6512-4c75-824c-ee1a8d01dfa9] Microsoft.AspNetCore.Mvc.Infrastructure.ControllerActionInvoker: Route matched with {action = "GetExams", controller = "Exams"}. Executing controller action with signature System.Threading.Tasks.Task`1[Microsoft.AspNetCore.Mvc.ActionResult`1[StudentInsights.Application.Common.Models.PaginatedResult`1[StudentInsights.Application.Features.Exams.DTOs.ExamDto]]] GetExams(StudentInsights.Application.Common.Models.PaginationParams, System.Nullable`1[System.Guid], System.String, System.Nullable`1[System.DateTime], System.Nullable`1[System.DateTime], System.Threading.CancellationToken) on controller StudentInsights.WebApi.Controllers.ExamsController (StudentInsights.WebApi).
[2026-07-30 20:07:56.506 +03:30 INF] [06ea37da-6887-4c91-a7a1-ceb91960a992] Microsoft.AspNetCore.Routing.EndpointMiddleware: Executed endpoint 'StudentInsights.WebApi.Controllers.CoursesController.GetCourses (StudentInsights.WebApi)'
[2026-07-30 20:07:56.516 +03:30 INF] [] Microsoft.AspNetCore.Hosting.Diagnostics: Request finished HTTP/2 GET https://localhost:7167/api/courses?pageNumber=1&pageSize=100 - 200 null application/json; charset=utf-8 142.5822ms
[2026-07-30 20:07:56.544 +03:30 INF] [666e35e1-6512-4c75-824c-ee1a8d01dfa9] Microsoft.AspNetCore.Mvc.Infrastructure.ControllerActionInvoker: Executing action method StudentInsights.WebApi.Controllers.ExamsController.GetExams (StudentInsights.WebApi) - Validation state: "Valid"
[2026-07-30 20:07:56.576 +03:30 INF] [666e35e1-6512-4c75-824c-ee1a8d01dfa9] Microsoft.EntityFrameworkCore.Database.Command: Executed DbCommand (5ms) [Parameters=[@___currentUserService_UserId_0='?' (DbType = Guid)], CommandType='"Text"', CommandTimeout='30']
SELECT COUNT(*)
FROM [Exams] AS [e]
WHERE [e].[IsDeleted] = CAST(0 AS bit) AND [e].[UserId] = @___currentUserService_UserId_0
[2026-07-30 20:07:56.605 +03:30 INF] [666e35e1-6512-4c75-824c-ee1a8d01dfa9] Microsoft.EntityFrameworkCore.Database.Command: Executed DbCommand (6ms) [Parameters=[@___currentUserService_UserId_0='?' (DbType = Guid), @__p_1='?' (DbType = Int32), @__p_2='?' (DbType = Int32)], CommandType='"Text"', CommandTimeout='30']
SELECT [t].[Id], [t].[CourseId], [t].[CreatedAtUtc], [t].[DeletedAtUtc], [t].[Description], [t].[ExamDateUtc], [t].[Grade], [t].[IsDeleted], [t].[RowVersion], [t].[Title], [t].[UpdatedAtUtc], [t].[UserId], [t0].[Id], [t0].[CreatedAtUtc], [t0].[Credits], [t0].[DeletedAtUtc], [t0].[FinalGrade], [t0].[InstructorName], [t0].[IsDeleted], [t0].[Name], [t0].[RowVersion], [t0].[Semester], [t0].[UpdatedAtUtc], [t0].[UserId]
FROM (
    SELECT [e].[Id], [e].[CourseId], [e].[CreatedAtUtc], [e].[DeletedAtUtc], [e].[Description], [e].[ExamDateUtc], [e].[Grade], [e].[IsDeleted], [e].[RowVersion], [e].[Title], [e].[UpdatedAtUtc], [e].[UserId]
    FROM [Exams] AS [e]
    WHERE [e].[IsDeleted] = CAST(0 AS bit) AND [e].[UserId] = @___currentUserService_UserId_0
    ORDER BY [e].[ExamDateUtc]
    OFFSET @__p_1 ROWS FETCH NEXT @__p_2 ROWS ONLY
) AS [t]
INNER JOIN (
    SELECT [c].[Id], [c].[CreatedAtUtc], [c].[Credits], [c].[DeletedAtUtc], [c].[FinalGrade], [c].[InstructorName], [c].[IsDeleted], [c].[Name], [c].[RowVersion], [c].[Semester], [c].[UpdatedAtUtc], [c].[UserId]
    FROM [Courses] AS [c]
    WHERE [c].[IsDeleted] = CAST(0 AS bit)
) AS [t0] ON [t].[CourseId] = [t0].[Id]
ORDER BY [t].[ExamDateUtc]
[2026-07-30 20:07:56.615 +03:30 INF] [666e35e1-6512-4c75-824c-ee1a8d01dfa9] Microsoft.AspNetCore.Mvc.Infrastructure.ControllerActionInvoker: Executed action method StudentInsights.WebApi.Controllers.ExamsController.GetExams (StudentInsights.WebApi), returned result Microsoft.AspNetCore.Mvc.OkObjectResult in 57.3537ms.
[2026-07-30 20:07:56.619 +03:30 INF] [666e35e1-6512-4c75-824c-ee1a8d01dfa9] Microsoft.AspNetCore.Mvc.Infrastructure.ObjectResultExecutor: Executing OkObjectResult, writing value of type 'StudentInsights.Application.Common.Models.PaginatedResult`1[[StudentInsights.Application.Features.Exams.DTOs.ExamDto, StudentInsights.Application, Version=1.0.0.0, Culture=neutral, PublicKeyToken=null]]'.
[2026-07-30 20:07:56.626 +03:30 INF] [666e35e1-6512-4c75-824c-ee1a8d01dfa9] Microsoft.AspNetCore.Mvc.Infrastructure.ControllerActionInvoker: Executed action StudentInsights.WebApi.Controllers.ExamsController.GetExams (StudentInsights.WebApi) in 114.7023ms
[2026-07-30 20:07:56.629 +03:30 INF] [] Microsoft.AspNetCore.Hosting.Diagnostics: Request starting HTTP/2 GET https://localhost:7167/api/exams?pageNumber=1&pageSize=50 - null null
[2026-07-30 20:07:56.632 +03:30 INF] [666e35e1-6512-4c75-824c-ee1a8d01dfa9] Microsoft.AspNetCore.Routing.EndpointMiddleware: Executed endpoint 'StudentInsights.WebApi.Controllers.ExamsController.GetExams (StudentInsights.WebApi)'
[2026-07-30 20:07:56.638 +03:30 INF] [e29e3792-d9a0-4580-b118-6bb44f83d8d9] Microsoft.AspNetCore.Cors.Infrastructure.CorsService: CORS policy execution successful.
[2026-07-30 20:07:56.643 +03:30 INF] [] Microsoft.AspNetCore.Hosting.Diagnostics: Request finished HTTP/2 GET https://localhost:7167/api/exams?pageNumber=1&pageSize=50 - 200 null application/json; charset=utf-8 186.7672ms
[2026-07-30 20:07:56.646 +03:30 INF] [e29e3792-d9a0-4580-b118-6bb44f83d8d9] Microsoft.AspNetCore.Routing.EndpointMiddleware: Executing endpoint 'StudentInsights.WebApi.Controllers.ExamsController.GetExams (StudentInsights.WebApi)'
[2026-07-30 20:07:56.654 +03:30 INF] [e29e3792-d9a0-4580-b118-6bb44f83d8d9] Microsoft.AspNetCore.Mvc.Infrastructure.ControllerActionInvoker: Route matched with {action = "GetExams", controller = "Exams"}. Executing controller action with signature System.Threading.Tasks.Task`1[Microsoft.AspNetCore.Mvc.ActionResult`1[StudentInsights.Application.Common.Models.PaginatedResult`1[StudentInsights.Application.Features.Exams.DTOs.ExamDto]]] GetExams(StudentInsights.Application.Common.Models.PaginationParams, System.Nullable`1[System.Guid], System.String, System.Nullable`1[System.DateTime], System.Nullable`1[System.DateTime], System.Threading.CancellationToken) on controller StudentInsights.WebApi.Controllers.ExamsController (StudentInsights.WebApi).
[2026-07-30 20:07:56.699 +03:30 INF] [e29e3792-d9a0-4580-b118-6bb44f83d8d9] Microsoft.AspNetCore.Mvc.Infrastructure.ControllerActionInvoker: Executing action method StudentInsights.WebApi.Controllers.ExamsController.GetExams (StudentInsights.WebApi) - Validation state: "Valid"
[2026-07-30 20:07:56.707 +03:30 INF] [e29e3792-d9a0-4580-b118-6bb44f83d8d9] Microsoft.EntityFrameworkCore.Database.Command: Executed DbCommand (1ms) [Parameters=[@___currentUserService_UserId_0='?' (DbType = Guid)], CommandType='"Text"', CommandTimeout='30']
SELECT COUNT(*)
FROM [Exams] AS [e]
WHERE [e].[IsDeleted] = CAST(0 AS bit) AND [e].[UserId] = @___currentUserService_UserId_0
[2026-07-30 20:07:56.719 +03:30 INF] [e29e3792-d9a0-4580-b118-6bb44f83d8d9] Microsoft.EntityFrameworkCore.Database.Command: Executed DbCommand (2ms) [Parameters=[@___currentUserService_UserId_0='?' (DbType = Guid), @__p_1='?' (DbType = Int32), @__p_2='?' (DbType = Int32)], CommandType='"Text"', CommandTimeout='30']
SELECT [t].[Id], [t].[CourseId], [t].[CreatedAtUtc], [t].[DeletedAtUtc], [t].[Description], [t].[ExamDateUtc], [t].[Grade], [t].[IsDeleted], [t].[RowVersion], [t].[Title], [t].[UpdatedAtUtc], [t].[UserId], [t0].[Id], [t0].[CreatedAtUtc], [t0].[Credits], [t0].[DeletedAtUtc], [t0].[FinalGrade], [t0].[InstructorName], [t0].[IsDeleted], [t0].[Name], [t0].[RowVersion], [t0].[Semester], [t0].[UpdatedAtUtc], [t0].[UserId]
FROM (
    SELECT [e].[Id], [e].[CourseId], [e].[CreatedAtUtc], [e].[DeletedAtUtc], [e].[Description], [e].[ExamDateUtc], [e].[Grade], [e].[IsDeleted], [e].[RowVersion], [e].[Title], [e].[UpdatedAtUtc], [e].[UserId]
    FROM [Exams] AS [e]
    WHERE [e].[IsDeleted] = CAST(0 AS bit) AND [e].[UserId] = @___currentUserService_UserId_0
    ORDER BY [e].[ExamDateUtc]
    OFFSET @__p_1 ROWS FETCH NEXT @__p_2 ROWS ONLY
) AS [t]
INNER JOIN (
    SELECT [c].[Id], [c].[CreatedAtUtc], [c].[Credits], [c].[DeletedAtUtc], [c].[FinalGrade], [c].[InstructorName], [c].[IsDeleted], [c].[Name], [c].[RowVersion], [c].[Semester], [c].[UpdatedAtUtc], [c].[UserId]
    FROM [Courses] AS [c]
    WHERE [c].[IsDeleted] = CAST(0 AS bit)
) AS [t0] ON [t].[CourseId] = [t0].[Id]
ORDER BY [t].[ExamDateUtc]
[2026-07-30 20:07:56.728 +03:30 INF] [e29e3792-d9a0-4580-b118-6bb44f83d8d9] Microsoft.AspNetCore.Mvc.Infrastructure.ControllerActionInvoker: Executed action method StudentInsights.WebApi.Controllers.ExamsController.GetExams (StudentInsights.WebApi), returned result Microsoft.AspNetCore.Mvc.OkObjectResult in 24.7825ms.
[2026-07-30 20:07:56.734 +03:30 INF] [e29e3792-d9a0-4580-b118-6bb44f83d8d9] Microsoft.AspNetCore.Mvc.Infrastructure.ObjectResultExecutor: Executing OkObjectResult, writing value of type 'StudentInsights.Application.Common.Models.PaginatedResult`1[[StudentInsights.Application.Features.Exams.DTOs.ExamDto, StudentInsights.Application, Version=1.0.0.0, Culture=neutral, PublicKeyToken=null]]'.
[2026-07-30 20:07:56.739 +03:30 INF] [e29e3792-d9a0-4580-b118-6bb44f83d8d9] Microsoft.AspNetCore.Mvc.Infrastructure.ControllerActionInvoker: Executed action StudentInsights.WebApi.Controllers.ExamsController.GetExams (StudentInsights.WebApi) in 78.7996ms
[2026-07-30 20:07:56.743 +03:30 INF] [e29e3792-d9a0-4580-b118-6bb44f83d8d9] Microsoft.AspNetCore.Routing.EndpointMiddleware: Executed endpoint 'StudentInsights.WebApi.Controllers.ExamsController.GetExams (StudentInsights.WebApi)'
[2026-07-30 20:07:56.747 +03:30 INF] [] Microsoft.AspNetCore.Hosting.Diagnostics: Request finished HTTP/2 GET https://localhost:7167/api/exams?pageNumber=1&pageSize=50 - 200 null application/json; charset=utf-8 118.5506ms
[2026-07-30 20:08:05.664 +03:30 INF] [] Microsoft.AspNetCore.Hosting.Diagnostics: Request starting HTTP/2 OPTIONS https://localhost:7167/api/courses?pageNumber=1&pageSize=50 - null null
[2026-07-30 20:08:05.665 +03:30 INF] [] Microsoft.AspNetCore.Hosting.Diagnostics: Request starting HTTP/2 OPTIONS https://localhost:7167/api/courses?pageNumber=1&pageSize=50 - null null
[2026-07-30 20:08:05.671 +03:30 INF] [ee8281c7-4fa8-49ca-9e23-246fd868fd91] Microsoft.AspNetCore.Cors.Infrastructure.CorsService: CORS policy execution successful.
[2026-07-30 20:08:05.678 +03:30 INF] [e5945143-a840-4fd5-8d79-0b491c600c71] Microsoft.AspNetCore.Cors.Infrastructure.CorsService: CORS policy execution successful.
[2026-07-30 20:08:05.681 +03:30 INF] [] Microsoft.AspNetCore.Hosting.Diagnostics: Request finished HTTP/2 OPTIONS https://localhost:7167/api/courses?pageNumber=1&pageSize=50 - 204 null null 17.2371ms
[2026-07-30 20:08:05.683 +03:30 INF] [] Microsoft.AspNetCore.Hosting.Diagnostics: Request starting HTTP/2 GET https://localhost:7167/api/courses?pageNumber=1&pageSize=50 - null null
[2026-07-30 20:08:05.685 +03:30 INF] [] Microsoft.AspNetCore.Hosting.Diagnostics: Request finished HTTP/2 OPTIONS https://localhost:7167/api/courses?pageNumber=1&pageSize=50 - 204 null null 20.3349ms
[2026-07-30 20:08:05.702 +03:30 INF] [0a9fee24-0002-4de3-8e09-0c1a41f40892] Microsoft.AspNetCore.Cors.Infrastructure.CorsService: CORS policy execution successful.
[2026-07-30 20:08:05.716 +03:30 INF] [0a9fee24-0002-4de3-8e09-0c1a41f40892] Microsoft.AspNetCore.Routing.EndpointMiddleware: Executing endpoint 'StudentInsights.WebApi.Controllers.CoursesController.GetCourses (StudentInsights.WebApi)'
[2026-07-30 20:08:05.720 +03:30 INF] [0a9fee24-0002-4de3-8e09-0c1a41f40892] Microsoft.AspNetCore.Mvc.Infrastructure.ControllerActionInvoker: Route matched with {action = "GetCourses", controller = "Courses"}. Executing controller action with signature System.Threading.Tasks.Task`1[Microsoft.AspNetCore.Mvc.ActionResult`1[StudentInsights.Application.Common.Models.PaginatedResult`1[StudentInsights.Application.Features.Courses.DTOs.CourseDto]]] GetCourses(StudentInsights.Application.Common.Models.PaginationParams, System.String, System.Threading.CancellationToken) on controller StudentInsights.WebApi.Controllers.CoursesController (StudentInsights.WebApi).
[2026-07-30 20:08:05.765 +03:30 INF] [0a9fee24-0002-4de3-8e09-0c1a41f40892] Microsoft.AspNetCore.Mvc.Infrastructure.ControllerActionInvoker: Executing action method StudentInsights.WebApi.Controllers.CoursesController.GetCourses (StudentInsights.WebApi) - Validation state: "Valid"
[2026-07-30 20:08:05.773 +03:30 INF] [0a9fee24-0002-4de3-8e09-0c1a41f40892] Microsoft.EntityFrameworkCore.Database.Command: Executed DbCommand (1ms) [Parameters=[@___currentUserService_UserId_0='?' (DbType = Guid)], CommandType='"Text"', CommandTimeout='30']
SELECT COUNT(*)
FROM [Courses] AS [c]
WHERE [c].[IsDeleted] = CAST(0 AS bit) AND [c].[UserId] = @___currentUserService_UserId_0
[2026-07-30 20:08:05.782 +03:30 INF] [0a9fee24-0002-4de3-8e09-0c1a41f40892] Microsoft.EntityFrameworkCore.Database.Command: Executed DbCommand (1ms) [Parameters=[@___currentUserService_UserId_0='?' (DbType = Guid), @__p_1='?' (DbType = Int32), @__p_2='?' (DbType = Int32)], CommandType='"Text"', CommandTimeout='30']
SELECT [c].[Id], [c].[CreatedAtUtc], [c].[Credits], [c].[DeletedAtUtc], [c].[FinalGrade], [c].[InstructorName], [c].[IsDeleted], [c].[Name], [c].[RowVersion], [c].[Semester], [c].[UpdatedAtUtc], [c].[UserId]
FROM [Courses] AS [c]
WHERE [c].[IsDeleted] = CAST(0 AS bit) AND [c].[UserId] = @___currentUserService_UserId_0
ORDER BY [c].[CreatedAtUtc] DESC
OFFSET @__p_1 ROWS FETCH NEXT @__p_2 ROWS ONLY
[2026-07-30 20:08:05.788 +03:30 INF] [0a9fee24-0002-4de3-8e09-0c1a41f40892] Microsoft.AspNetCore.Mvc.Infrastructure.ControllerActionInvoker: Executed action method StudentInsights.WebApi.Controllers.CoursesController.GetCourses (StudentInsights.WebApi), returned result Microsoft.AspNetCore.Mvc.OkObjectResult in 16.5738ms.
[2026-07-30 20:08:05.791 +03:30 INF] [0a9fee24-0002-4de3-8e09-0c1a41f40892] Microsoft.AspNetCore.Mvc.Infrastructure.ObjectResultExecutor: Executing OkObjectResult, writing value of type 'StudentInsights.Application.Common.Models.PaginatedResult`1[[StudentInsights.Application.Features.Courses.DTOs.CourseDto, StudentInsights.Application, Version=1.0.0.0, Culture=neutral, PublicKeyToken=null]]'.
[2026-07-30 20:08:05.795 +03:30 INF] [0a9fee24-0002-4de3-8e09-0c1a41f40892] Microsoft.AspNetCore.Mvc.Infrastructure.ControllerActionInvoker: Executed action StudentInsights.WebApi.Controllers.CoursesController.GetCourses (StudentInsights.WebApi) in 71.533ms
[2026-07-30 20:08:05.797 +03:30 INF] [] Microsoft.AspNetCore.Hosting.Diagnostics: Request starting HTTP/2 GET https://localhost:7167/api/courses?pageNumber=1&pageSize=50 - null null
[2026-07-30 20:08:05.801 +03:30 INF] [0a9fee24-0002-4de3-8e09-0c1a41f40892] Microsoft.AspNetCore.Routing.EndpointMiddleware: Executed endpoint 'StudentInsights.WebApi.Controllers.CoursesController.GetCourses (StudentInsights.WebApi)'
[2026-07-30 20:08:05.809 +03:30 INF] [9eae9f2d-1b1d-41b5-abf0-595b049de1dd] Microsoft.AspNetCore.Cors.Infrastructure.CorsService: CORS policy execution successful.
[2026-07-30 20:08:05.814 +03:30 INF] [] Microsoft.AspNetCore.Hosting.Diagnostics: Request finished HTTP/2 GET https://localhost:7167/api/courses?pageNumber=1&pageSize=50 - 200 null application/json; charset=utf-8 130.2851ms
[2026-07-30 20:08:05.818 +03:30 INF] [9eae9f2d-1b1d-41b5-abf0-595b049de1dd] Microsoft.AspNetCore.Routing.EndpointMiddleware: Executing endpoint 'StudentInsights.WebApi.Controllers.CoursesController.GetCourses (StudentInsights.WebApi)'
[2026-07-30 20:08:05.827 +03:30 INF] [9eae9f2d-1b1d-41b5-abf0-595b049de1dd] Microsoft.AspNetCore.Mvc.Infrastructure.ControllerActionInvoker: Route matched with {action = "GetCourses", controller = "Courses"}. Executing controller action with signature System.Threading.Tasks.Task`1[Microsoft.AspNetCore.Mvc.ActionResult`1[StudentInsights.Application.Common.Models.PaginatedResult`1[StudentInsights.Application.Features.Courses.DTOs.CourseDto]]] GetCourses(StudentInsights.Application.Common.Models.PaginationParams, System.String, System.Threading.CancellationToken) on controller StudentInsights.WebApi.Controllers.CoursesController (StudentInsights.WebApi).
[2026-07-30 20:08:05.866 +03:30 INF] [9eae9f2d-1b1d-41b5-abf0-595b049de1dd] Microsoft.AspNetCore.Mvc.Infrastructure.ControllerActionInvoker: Executing action method StudentInsights.WebApi.Controllers.CoursesController.GetCourses (StudentInsights.WebApi) - Validation state: "Valid"
[2026-07-30 20:08:05.874 +03:30 INF] [9eae9f2d-1b1d-41b5-abf0-595b049de1dd] Microsoft.EntityFrameworkCore.Database.Command: Executed DbCommand (2ms) [Parameters=[@___currentUserService_UserId_0='?' (DbType = Guid)], CommandType='"Text"', CommandTimeout='30']
SELECT COUNT(*)
FROM [Courses] AS [c]
WHERE [c].[IsDeleted] = CAST(0 AS bit) AND [c].[UserId] = @___currentUserService_UserId_0
[2026-07-30 20:08:05.884 +03:30 INF] [9eae9f2d-1b1d-41b5-abf0-595b049de1dd] Microsoft.EntityFrameworkCore.Database.Command: Executed DbCommand (1ms) [Parameters=[@___currentUserService_UserId_0='?' (DbType = Guid), @__p_1='?' (DbType = Int32), @__p_2='?' (DbType = Int32)], CommandType='"Text"', CommandTimeout='30']
SELECT [c].[Id], [c].[CreatedAtUtc], [c].[Credits], [c].[DeletedAtUtc], [c].[FinalGrade], [c].[InstructorName], [c].[IsDeleted], [c].[Name], [c].[RowVersion], [c].[Semester], [c].[UpdatedAtUtc], [c].[UserId]
FROM [Courses] AS [c]
WHERE [c].[IsDeleted] = CAST(0 AS bit) AND [c].[UserId] = @___currentUserService_UserId_0
ORDER BY [c].[CreatedAtUtc] DESC
OFFSET @__p_1 ROWS FETCH NEXT @__p_2 ROWS ONLY
[2026-07-30 20:08:05.888 +03:30 INF] [9eae9f2d-1b1d-41b5-abf0-595b049de1dd] Microsoft.AspNetCore.Mvc.Infrastructure.ControllerActionInvoker: Executed action method StudentInsights.WebApi.Controllers.CoursesController.GetCourses (StudentInsights.WebApi), returned result Microsoft.AspNetCore.Mvc.OkObjectResult in 16.928ms.
[2026-07-30 20:08:05.895 +03:30 INF] [9eae9f2d-1b1d-41b5-abf0-595b049de1dd] Microsoft.AspNetCore.Mvc.Infrastructure.ObjectResultExecutor: Executing OkObjectResult, writing value of type 'StudentInsights.Application.Common.Models.PaginatedResult`1[[StudentInsights.Application.Features.Courses.DTOs.CourseDto, StudentInsights.Application, Version=1.0.0.0, Culture=neutral, PublicKeyToken=null]]'.
[2026-07-30 20:08:05.900 +03:30 INF] [9eae9f2d-1b1d-41b5-abf0-595b049de1dd] Microsoft.AspNetCore.Mvc.Infrastructure.ControllerActionInvoker: Executed action StudentInsights.WebApi.Controllers.CoursesController.GetCourses (StudentInsights.WebApi) in 69.2082ms
[2026-07-30 20:08:05.903 +03:30 INF] [9eae9f2d-1b1d-41b5-abf0-595b049de1dd] Microsoft.AspNetCore.Routing.EndpointMiddleware: Executed endpoint 'StudentInsights.WebApi.Controllers.CoursesController.GetCourses (StudentInsights.WebApi)'
[2026-07-30 20:08:05.907 +03:30 INF] [] Microsoft.AspNetCore.Hosting.Diagnostics: Request finished HTTP/2 GET https://localhost:7167/api/courses?pageNumber=1&pageSize=50 - 200 null application/json; charset=utf-8 110.5024ms
[2026-07-30 20:08:26.455 +03:30 INF] [] Microsoft.AspNetCore.Hosting.Diagnostics: Request starting HTTP/2 OPTIONS https://localhost:7167/api/dashboard - null null
[2026-07-30 20:08:26.456 +03:30 INF] [] Microsoft.AspNetCore.Hosting.Diagnostics: Request starting HTTP/2 OPTIONS https://localhost:7167/api/dashboard - null null
[2026-07-30 20:08:26.465 +03:30 INF] [e5540dc3-dc7c-43c8-8267-656d928c6af6] Microsoft.AspNetCore.Cors.Infrastructure.CorsService: CORS policy execution successful.
[2026-07-30 20:08:26.473 +03:30 INF] [a34cae08-48bf-4d5d-b05f-9435a4439498] Microsoft.AspNetCore.Cors.Infrastructure.CorsService: CORS policy execution successful.
[2026-07-30 20:08:26.477 +03:30 INF] [] Microsoft.AspNetCore.Hosting.Diagnostics: Request finished HTTP/2 OPTIONS https://localhost:7167/api/dashboard - 204 null null 21.6332ms
[2026-07-30 20:08:26.479 +03:30 INF] [] Microsoft.AspNetCore.Hosting.Diagnostics: Request starting HTTP/2 GET https://localhost:7167/api/dashboard - null null
[2026-07-30 20:08:26.480 +03:30 INF] [] Microsoft.AspNetCore.Hosting.Diagnostics: Request finished HTTP/2 OPTIONS https://localhost:7167/api/dashboard - 204 null null 23.646ms
[2026-07-30 20:08:26.497 +03:30 INF] [776e2196-39e2-4ac3-acf2-cd69e9b0bd47] Microsoft.AspNetCore.Cors.Infrastructure.CorsService: CORS policy execution successful.
[2026-07-30 20:08:26.509 +03:30 INF] [776e2196-39e2-4ac3-acf2-cd69e9b0bd47] Microsoft.AspNetCore.Routing.EndpointMiddleware: Executing endpoint 'StudentInsights.WebApi.Controllers.DashboardController.GetDashboardSummary (StudentInsights.WebApi)'
[2026-07-30 20:08:26.515 +03:30 INF] [776e2196-39e2-4ac3-acf2-cd69e9b0bd47] Microsoft.AspNetCore.Mvc.Infrastructure.ControllerActionInvoker: Route matched with {action = "GetDashboardSummary", controller = "Dashboard"}. Executing controller action with signature System.Threading.Tasks.Task`1[Microsoft.AspNetCore.Mvc.ActionResult`1[StudentInsights.Application.Features.Dashboard.DTOs.DashboardSummaryDto]] GetDashboardSummary(System.Threading.CancellationToken) on controller StudentInsights.WebApi.Controllers.DashboardController (StudentInsights.WebApi).
[2026-07-30 20:08:26.563 +03:30 INF] [776e2196-39e2-4ac3-acf2-cd69e9b0bd47] Microsoft.AspNetCore.Mvc.Infrastructure.ControllerActionInvoker: Executing action method StudentInsights.WebApi.Controllers.DashboardController.GetDashboardSummary (StudentInsights.WebApi) - Validation state: "Valid"
[2026-07-30 20:08:26.574 +03:30 INF] [776e2196-39e2-4ac3-acf2-cd69e9b0bd47] Microsoft.EntityFrameworkCore.Database.Command: Executed DbCommand (4ms) [Parameters=[@__userId_0='?' (DbType = Guid)], CommandType='"Text"', CommandTimeout='30']
SELECT [c].[Id], [c].[CreatedAtUtc], [c].[Credits], [c].[DeletedAtUtc], [c].[FinalGrade], [c].[InstructorName], [c].[IsDeleted], [c].[Name], [c].[RowVersion], [c].[Semester], [c].[UpdatedAtUtc], [c].[UserId]
FROM [Courses] AS [c]
WHERE [c].[IsDeleted] = CAST(0 AS bit) AND [c].[UserId] = @__userId_0
[2026-07-30 20:08:26.584 +03:30 INF] [776e2196-39e2-4ac3-acf2-cd69e9b0bd47] Microsoft.EntityFrameworkCore.Database.Command: Executed DbCommand (4ms) [Parameters=[@__userId_0='?' (DbType = Guid)], CommandType='"Text"', CommandTimeout='30']
SELECT [l].[Type], COUNT(*) AS [Count]
FROM [LearningActivities] AS [l]
WHERE [l].[IsDeleted] = CAST(0 AS bit) AND [l].[UserId] = @__userId_0 AND [l].[Status] <> N'Completed'
GROUP BY [l].[Type]
[2026-07-30 20:08:26.596 +03:30 INF] [776e2196-39e2-4ac3-acf2-cd69e9b0bd47] Microsoft.EntityFrameworkCore.Database.Command: Executed DbCommand (5ms) [Parameters=[@__userId_0='?' (DbType = Guid)], CommandType='"Text"', CommandTimeout='30']
SELECT [e].[Id], [e].[CourseId], [e].[CreatedAtUtc], [e].[DeletedAtUtc], [e].[Description], [e].[ExamDateUtc], [e].[Grade], [e].[IsDeleted], [e].[RowVersion], [e].[Title], [e].[UpdatedAtUtc], [e].[UserId], [t].[Id], [t].[CreatedAtUtc], [t].[Credits], [t].[DeletedAtUtc], [t].[FinalGrade], [t].[InstructorName], [t].[IsDeleted], [t].[Name], [t].[RowVersion], [t].[Semester], [t].[UpdatedAtUtc], [t].[UserId]
FROM [Exams] AS [e]
INNER JOIN (
    SELECT [c].[Id], [c].[CreatedAtUtc], [c].[Credits], [c].[DeletedAtUtc], [c].[FinalGrade], [c].[InstructorName], [c].[IsDeleted], [c].[Name], [c].[RowVersion], [c].[Semester], [c].[UpdatedAtUtc], [c].[UserId]
    FROM [Courses] AS [c]
    WHERE [c].[IsDeleted] = CAST(0 AS bit)
) AS [t] ON [e].[CourseId] = [t].[Id]
WHERE [e].[IsDeleted] = CAST(0 AS bit) AND [e].[UserId] = @__userId_0
[2026-07-30 20:08:26.609 +03:30 INF] [776e2196-39e2-4ac3-acf2-cd69e9b0bd47] Microsoft.EntityFrameworkCore.Database.Command: Executed DbCommand (2ms) [Parameters=[@__userId_0='?' (DbType = Guid)], CommandType='"Text"', CommandTimeout='30']
SELECT [g].[Id], [g].[CreatedAtUtc], [g].[CurrentValue], [g].[DeletedAtUtc], [g].[IsDeleted], [g].[RelatedActivityId], [g].[RowVersion], [g].[TargetDateUtc], [g].[TargetValue], [g].[Type], [g].[UpdatedAtUtc], [g].[UserId]
FROM [Goals] AS [g]
WHERE [g].[IsDeleted] = CAST(0 AS bit) AND [g].[UserId] = @__userId_0
[2026-07-30 20:08:26.617 +03:30 INF] [776e2196-39e2-4ac3-acf2-cd69e9b0bd47] Microsoft.EntityFrameworkCore.Database.Command: Executed DbCommand (2ms) [Parameters=[@__userId_0='?' (DbType = Guid), @__earliestNeededUtc_1='?' (DbType = DateTime2)], CommandType='"Text"', CommandTimeout='30']
SELECT [s].[StudyDateUtc], [s].[DurationMinutes]
FROM [StudyLogs] AS [s]
WHERE [s].[IsDeleted] = CAST(0 AS bit) AND [s].[UserId] = @__userId_0 AND [s].[StudyDateUtc] >= @__earliestNeededUtc_1
[2026-07-30 20:08:26.632 +03:30 INF] [776e2196-39e2-4ac3-acf2-cd69e9b0bd47] Microsoft.EntityFrameworkCore.Database.Command: Executed DbCommand (7ms) [Parameters=[@__p_1='?' (DbType = Int32), @__userId_0='?' (DbType = Guid)], CommandType='"Text"', CommandTimeout='30']
SELECT TOP(@__p_1) [l].[Id], [l].[Title], COALESCE([l].[UpdatedAtUtc], [l].[CreatedAtUtc])
FROM [LearningActivities] AS [l]
WHERE [l].[IsDeleted] = CAST(0 AS bit) AND [l].[UserId] = @__userId_0
ORDER BY COALESCE([l].[UpdatedAtUtc], [l].[CreatedAtUtc]) DESC
[2026-07-30 20:08:26.644 +03:30 INF] [776e2196-39e2-4ac3-acf2-cd69e9b0bd47] Microsoft.EntityFrameworkCore.Database.Command: Executed DbCommand (4ms) [Parameters=[@__userId_0='?' (DbType = Guid)], CommandType='"Text"', CommandTimeout='30']
SELECT COUNT(*)
FROM [Notifications] AS [n]
WHERE [n].[IsDeleted] = CAST(0 AS bit) AND [n].[UserId] = @__userId_0 AND [n].[IsRead] = CAST(0 AS bit)
[2026-07-30 20:08:26.650 +03:30 INF] [776e2196-39e2-4ac3-acf2-cd69e9b0bd47] Microsoft.AspNetCore.Mvc.Infrastructure.ControllerActionInvoker: Executed action method StudentInsights.WebApi.Controllers.DashboardController.GetDashboardSummary (StudentInsights.WebApi), returned result Microsoft.AspNetCore.Mvc.OkObjectResult in 80.7627ms.
[2026-07-30 20:08:26.653 +03:30 INF] [776e2196-39e2-4ac3-acf2-cd69e9b0bd47] Microsoft.AspNetCore.Mvc.Infrastructure.ObjectResultExecutor: Executing OkObjectResult, writing value of type 'StudentInsights.Application.Features.Dashboard.DTOs.DashboardSummaryDto'.
[2026-07-30 20:08:26.657 +03:30 INF] [776e2196-39e2-4ac3-acf2-cd69e9b0bd47] Microsoft.AspNetCore.Mvc.Infrastructure.ControllerActionInvoker: Executed action StudentInsights.WebApi.Controllers.DashboardController.GetDashboardSummary (StudentInsights.WebApi) in 134.9784ms
[2026-07-30 20:08:26.661 +03:30 INF] [] Microsoft.AspNetCore.Hosting.Diagnostics: Request starting HTTP/2 GET https://localhost:7167/api/dashboard - null null
[2026-07-30 20:08:26.664 +03:30 INF] [776e2196-39e2-4ac3-acf2-cd69e9b0bd47] Microsoft.AspNetCore.Routing.EndpointMiddleware: Executed endpoint 'StudentInsights.WebApi.Controllers.DashboardController.GetDashboardSummary (StudentInsights.WebApi)'
[2026-07-30 20:08:26.671 +03:30 INF] [68cd90ea-de51-488f-80c6-766dc973a6e1] Microsoft.AspNetCore.Cors.Infrastructure.CorsService: CORS policy execution successful.
[2026-07-30 20:08:26.673 +03:30 INF] [] Microsoft.AspNetCore.Hosting.Diagnostics: Request finished HTTP/2 GET https://localhost:7167/api/dashboard - 200 null application/json; charset=utf-8 194.5596ms
[2026-07-30 20:08:26.676 +03:30 INF] [68cd90ea-de51-488f-80c6-766dc973a6e1] Microsoft.AspNetCore.Routing.EndpointMiddleware: Executing endpoint 'StudentInsights.WebApi.Controllers.DashboardController.GetDashboardSummary (StudentInsights.WebApi)'
[2026-07-30 20:08:26.687 +03:30 INF] [68cd90ea-de51-488f-80c6-766dc973a6e1] Microsoft.AspNetCore.Mvc.Infrastructure.ControllerActionInvoker: Route matched with {action = "GetDashboardSummary", controller = "Dashboard"}. Executing controller action with signature System.Threading.Tasks.Task`1[Microsoft.AspNetCore.Mvc.ActionResult`1[StudentInsights.Application.Features.Dashboard.DTOs.DashboardSummaryDto]] GetDashboardSummary(System.Threading.CancellationToken) on controller StudentInsights.WebApi.Controllers.DashboardController (StudentInsights.WebApi).
[2026-07-30 20:08:26.728 +03:30 INF] [68cd90ea-de51-488f-80c6-766dc973a6e1] Microsoft.AspNetCore.Mvc.Infrastructure.ControllerActionInvoker: Executing action method StudentInsights.WebApi.Controllers.DashboardController.GetDashboardSummary (StudentInsights.WebApi) - Validation state: "Valid"
[2026-07-30 20:08:26.736 +03:30 INF] [68cd90ea-de51-488f-80c6-766dc973a6e1] Microsoft.EntityFrameworkCore.Database.Command: Executed DbCommand (3ms) [Parameters=[@__userId_0='?' (DbType = Guid)], CommandType='"Text"', CommandTimeout='30']
SELECT [c].[Id], [c].[CreatedAtUtc], [c].[Credits], [c].[DeletedAtUtc], [c].[FinalGrade], [c].[InstructorName], [c].[IsDeleted], [c].[Name], [c].[RowVersion], [c].[Semester], [c].[UpdatedAtUtc], [c].[UserId]
FROM [Courses] AS [c]
WHERE [c].[IsDeleted] = CAST(0 AS bit) AND [c].[UserId] = @__userId_0
[2026-07-30 20:08:26.748 +03:30 INF] [68cd90ea-de51-488f-80c6-766dc973a6e1] Microsoft.EntityFrameworkCore.Database.Command: Executed DbCommand (2ms) [Parameters=[@__userId_0='?' (DbType = Guid)], CommandType='"Text"', CommandTimeout='30']
SELECT [l].[Type], COUNT(*) AS [Count]
FROM [LearningActivities] AS [l]
WHERE [l].[IsDeleted] = CAST(0 AS bit) AND [l].[UserId] = @__userId_0 AND [l].[Status] <> N'Completed'
GROUP BY [l].[Type]
[2026-07-30 20:08:26.757 +03:30 INF] [68cd90ea-de51-488f-80c6-766dc973a6e1] Microsoft.EntityFrameworkCore.Database.Command: Executed DbCommand (1ms) [Parameters=[@__userId_0='?' (DbType = Guid)], CommandType='"Text"', CommandTimeout='30']
SELECT [e].[Id], [e].[CourseId], [e].[CreatedAtUtc], [e].[DeletedAtUtc], [e].[Description], [e].[ExamDateUtc], [e].[Grade], [e].[IsDeleted], [e].[RowVersion], [e].[Title], [e].[UpdatedAtUtc], [e].[UserId], [t].[Id], [t].[CreatedAtUtc], [t].[Credits], [t].[DeletedAtUtc], [t].[FinalGrade], [t].[InstructorName], [t].[IsDeleted], [t].[Name], [t].[RowVersion], [t].[Semester], [t].[UpdatedAtUtc], [t].[UserId]
FROM [Exams] AS [e]
INNER JOIN (
    SELECT [c].[Id], [c].[CreatedAtUtc], [c].[Credits], [c].[DeletedAtUtc], [c].[FinalGrade], [c].[InstructorName], [c].[IsDeleted], [c].[Name], [c].[RowVersion], [c].[Semester], [c].[UpdatedAtUtc], [c].[UserId]
    FROM [Courses] AS [c]
    WHERE [c].[IsDeleted] = CAST(0 AS bit)
) AS [t] ON [e].[CourseId] = [t].[Id]
WHERE [e].[IsDeleted] = CAST(0 AS bit) AND [e].[UserId] = @__userId_0
[2026-07-30 20:08:26.769 +03:30 INF] [68cd90ea-de51-488f-80c6-766dc973a6e1] Microsoft.EntityFrameworkCore.Database.Command: Executed DbCommand (2ms) [Parameters=[@__userId_0='?' (DbType = Guid)], CommandType='"Text"', CommandTimeout='30']
SELECT [g].[Id], [g].[CreatedAtUtc], [g].[CurrentValue], [g].[DeletedAtUtc], [g].[IsDeleted], [g].[RelatedActivityId], [g].[RowVersion], [g].[TargetDateUtc], [g].[TargetValue], [g].[Type], [g].[UpdatedAtUtc], [g].[UserId]
FROM [Goals] AS [g]
WHERE [g].[IsDeleted] = CAST(0 AS bit) AND [g].[UserId] = @__userId_0
[2026-07-30 20:08:26.778 +03:30 INF] [68cd90ea-de51-488f-80c6-766dc973a6e1] Microsoft.EntityFrameworkCore.Database.Command: Executed DbCommand (1ms) [Parameters=[@__userId_0='?' (DbType = Guid), @__earliestNeededUtc_1='?' (DbType = DateTime2)], CommandType='"Text"', CommandTimeout='30']
SELECT [s].[StudyDateUtc], [s].[DurationMinutes]
FROM [StudyLogs] AS [s]
WHERE [s].[IsDeleted] = CAST(0 AS bit) AND [s].[UserId] = @__userId_0 AND [s].[StudyDateUtc] >= @__earliestNeededUtc_1
[2026-07-30 20:08:26.787 +03:30 INF] [68cd90ea-de51-488f-80c6-766dc973a6e1] Microsoft.EntityFrameworkCore.Database.Command: Executed DbCommand (4ms) [Parameters=[@__p_1='?' (DbType = Int32), @__userId_0='?' (DbType = Guid)], CommandType='"Text"', CommandTimeout='30']
SELECT TOP(@__p_1) [l].[Id], [l].[Title], COALESCE([l].[UpdatedAtUtc], [l].[CreatedAtUtc])
FROM [LearningActivities] AS [l]
WHERE [l].[IsDeleted] = CAST(0 AS bit) AND [l].[UserId] = @__userId_0
ORDER BY COALESCE([l].[UpdatedAtUtc], [l].[CreatedAtUtc]) DESC
[2026-07-30 20:08:26.797 +03:30 INF] [68cd90ea-de51-488f-80c6-766dc973a6e1] Microsoft.EntityFrameworkCore.Database.Command: Executed DbCommand (1ms) [Parameters=[@__userId_0='?' (DbType = Guid)], CommandType='"Text"', CommandTimeout='30']
SELECT COUNT(*)
FROM [Notifications] AS [n]
WHERE [n].[IsDeleted] = CAST(0 AS bit) AND [n].[UserId] = @__userId_0 AND [n].[IsRead] = CAST(0 AS bit)
[2026-07-30 20:08:26.803 +03:30 INF] [68cd90ea-de51-488f-80c6-766dc973a6e1] Microsoft.AspNetCore.Mvc.Infrastructure.ControllerActionInvoker: Executed action method StudentInsights.WebApi.Controllers.DashboardController.GetDashboardSummary (StudentInsights.WebApi), returned result Microsoft.AspNetCore.Mvc.OkObjectResult in 70.3189ms.
[2026-07-30 20:08:26.806 +03:30 INF] [68cd90ea-de51-488f-80c6-766dc973a6e1] Microsoft.AspNetCore.Mvc.Infrastructure.ObjectResultExecutor: Executing OkObjectResult, writing value of type 'StudentInsights.Application.Features.Dashboard.DTOs.DashboardSummaryDto'.
[2026-07-30 20:08:26.809 +03:30 INF] [68cd90ea-de51-488f-80c6-766dc973a6e1] Microsoft.AspNetCore.Mvc.Infrastructure.ControllerActionInvoker: Executed action StudentInsights.WebApi.Controllers.DashboardController.GetDashboardSummary (StudentInsights.WebApi) in 115.8597ms
[2026-07-30 20:08:26.813 +03:30 INF] [68cd90ea-de51-488f-80c6-766dc973a6e1] Microsoft.AspNetCore.Routing.EndpointMiddleware: Executed endpoint 'StudentInsights.WebApi.Controllers.DashboardController.GetDashboardSummary (StudentInsights.WebApi)'
[2026-07-30 20:08:26.818 +03:30 INF] [] Microsoft.AspNetCore.Hosting.Diagnostics: Request finished HTTP/2 GET https://localhost:7167/api/dashboard - 200 null application/json; charset=utf-8 157.961ms
[2026-07-30 20:15:58.869 +03:30 WRN] [] Hangfire.Server.BackgroundProcessingServer: Stopping the server due to DomainUnload or ProcessExit event...
[2026-07-30 20:15:58.874 +03:30 INF] [] Hangfire.Server.BackgroundServerProcess: Server sanaz:16172:29bafd44 caught stopping signal...
[2026-07-30 20:15:58.905 +03:30 INF] [] Hangfire.Server.BackgroundServerProcess: Server sanaz:16172:29bafd44 caught stopped signal...
[2026-07-30 20:15:58.910 +03:30 WRN] [] Hangfire.Server.BackgroundServerProcess: Server sanaz:16172:29bafd44 caught shutdown signal...
[2026-07-30 20:15:58.913 +03:30 INF] [] Hangfire.Server.BackgroundServerProcess: Server sanaz:16172:29bafd44 All dispatchers stopped
[2026-07-30 20:15:58.922 +03:30 INF] [] Hangfire.Server.BackgroundServerProcess: Server sanaz:16172:29bafd44 successfully reported itself as stopped in 2.3577 ms
[2026-07-30 20:15:58.925 +03:30 INF] [] Hangfire.Server.BackgroundServerProcess: Server sanaz:16172:29bafd44 has been stopped in total 20.9726 ms
